[2026-03-09T16:22:24.188+0000] {processor.py:186} INFO - Started process (PID=55) to work on /opt/airflow/dags/etl_mongo_to_postgres.py
[2026-03-09T16:22:24.188+0000] {processor.py:914} INFO - Processing file /opt/airflow/dags/etl_mongo_to_postgres.py for tasks to queue
[2026-03-09T16:22:24.190+0000] {logging_mixin.py:190} INFO - [2026-03-09T16:22:24.189+0000] {dagbag.py:588} INFO - Filling up the DagBag from /opt/airflow/dags/etl_mongo_to_postgres.py
[2026-03-09T16:22:24.210+0000] {processor.py:925} INFO - DAG(s) 'mongo_to_postgres_replication' retrieved from /opt/airflow/dags/etl_mongo_to_postgres.py
[2026-03-09T16:22:24.454+0000] {logging_mixin.py:190} INFO - [2026-03-09T16:22:24.454+0000] {override.py:1930} INFO - Created Permission View: can delete on DAG:mongo_to_postgres_replication
[2026-03-09T16:22:24.461+0000] {logging_mixin.py:190} INFO - [2026-03-09T16:22:24.461+0000] {override.py:1930} INFO - Created Permission View: can edit on DAG:mongo_to_postgres_replication
[2026-03-09T16:22:24.465+0000] {logging_mixin.py:190} INFO - [2026-03-09T16:22:24.465+0000] {override.py:1930} INFO - Created Permission View: can read on DAG:mongo_to_postgres_replication
[2026-03-09T16:22:24.470+0000] {logging_mixin.py:190} INFO - [2026-03-09T16:22:24.470+0000] {override.py:1930} INFO - Created Permission View: can delete on DAG Run:mongo_to_postgres_replication
[2026-03-09T16:22:24.474+0000] {logging_mixin.py:190} INFO - [2026-03-09T16:22:24.474+0000] {override.py:1930} INFO - Created Permission View: can create on DAG Run:mongo_to_postgres_replication
[2026-03-09T16:22:24.478+0000] {logging_mixin.py:190} INFO - [2026-03-09T16:22:24.478+0000] {override.py:1930} INFO - Created Permission View: menu access on DAG Run:mongo_to_postgres_replication
[2026-03-09T16:22:24.483+0000] {logging_mixin.py:190} INFO - [2026-03-09T16:22:24.483+0000] {override.py:1930} INFO - Created Permission View: can read on DAG Run:mongo_to_postgres_replication
[2026-03-09T16:22:24.483+0000] {logging_mixin.py:190} INFO - [2026-03-09T16:22:24.483+0000] {dag.py:3239} INFO - Sync 1 DAGs
[2026-03-09T16:22:24.493+0000] {logging_mixin.py:190} INFO - [2026-03-09T16:22:24.492+0000] {dag.py:3262} INFO - Creating ORM DAG for mongo_to_postgres_replication
[2026-03-09T16:22:24.493+0000] {logging_mixin.py:190} INFO - [2026-03-09T16:22:24.493+0000] {dag.py:4180} INFO - Setting next_dagrun for mongo_to_postgres_replication to None, run_after=None
[2026-03-09T16:22:24.507+0000] {processor.py:208} INFO - Processing /opt/airflow/dags/etl_mongo_to_postgres.py took 0.326 seconds
[2026-03-09T16:22:54.561+0000] {processor.py:186} INFO - Started process (PID=56) to work on /opt/airflow/dags/etl_mongo_to_postgres.py
[2026-03-09T16:22:54.570+0000] {processor.py:914} INFO - Processing file /opt/airflow/dags/etl_mongo_to_postgres.py for tasks to queue
[2026-03-09T16:22:54.573+0000] {logging_mixin.py:190} INFO - [2026-03-09T16:22:54.573+0000] {dagbag.py:588} INFO - Filling up the DagBag from /opt/airflow/dags/etl_mongo_to_postgres.py
[2026-03-09T16:22:54.582+0000] {processor.py:925} INFO - DAG(s) 'mongo_to_postgres_replication' retrieved from /opt/airflow/dags/etl_mongo_to_postgres.py
[2026-03-09T16:22:54.621+0000] {logging_mixin.py:190} INFO - [2026-03-09T16:22:54.621+0000] {dag.py:3239} INFO - Sync 1 DAGs
[2026-03-09T16:22:54.637+0000] {logging_mixin.py:190} INFO - [2026-03-09T16:22:54.637+0000] {dag.py:4180} INFO - Setting next_dagrun for mongo_to_postgres_replication to None, run_after=None
[2026-03-09T16:22:54.658+0000] {processor.py:208} INFO - Processing /opt/airflow/dags/etl_mongo_to_postgres.py took 0.103 seconds
[2026-03-09T16:23:24.701+0000] {processor.py:186} INFO - Started process (PID=57) to work on /opt/airflow/dags/etl_mongo_to_postgres.py
[2026-03-09T16:23:24.711+0000] {processor.py:914} INFO - Processing file /opt/airflow/dags/etl_mongo_to_postgres.py for tasks to queue
[2026-03-09T16:23:24.713+0000] {logging_mixin.py:190} INFO - [2026-03-09T16:23:24.713+0000] {dagbag.py:588} INFO - Filling up the DagBag from /opt/airflow/dags/etl_mongo_to_postgres.py
[2026-03-09T16:23:24.720+0000] {processor.py:925} INFO - DAG(s) 'mongo_to_postgres_replication' retrieved from /opt/airflow/dags/etl_mongo_to_postgres.py
[2026-03-09T16:23:24.750+0000] {logging_mixin.py:190} INFO - [2026-03-09T16:23:24.750+0000] {dag.py:3239} INFO - Sync 1 DAGs
[2026-03-09T16:23:24.761+0000] {logging_mixin.py:190} INFO - [2026-03-09T16:23:24.761+0000] {dag.py:4180} INFO - Setting next_dagrun for mongo_to_postgres_replication to None, run_after=None
[2026-03-09T16:23:24.774+0000] {processor.py:208} INFO - Processing /opt/airflow/dags/etl_mongo_to_postgres.py took 0.079 seconds
[2026-03-09T16:23:54.817+0000] {processor.py:186} INFO - Started process (PID=58) to work on /opt/airflow/dags/etl_mongo_to_postgres.py
[2026-03-09T16:23:54.818+0000] {processor.py:914} INFO - Processing file /opt/airflow/dags/etl_mongo_to_postgres.py for tasks to queue
[2026-03-09T16:23:54.820+0000] {logging_mixin.py:190} INFO - [2026-03-09T16:23:54.820+0000] {dagbag.py:588} INFO - Filling up the DagBag from /opt/airflow/dags/etl_mongo_to_postgres.py
[2026-03-09T16:23:54.827+0000] {processor.py:925} INFO - DAG(s) 'mongo_to_postgres_replication' retrieved from /opt/airflow/dags/etl_mongo_to_postgres.py
[2026-03-09T16:23:54.856+0000] {logging_mixin.py:190} INFO - [2026-03-09T16:23:54.855+0000] {dag.py:3239} INFO - Sync 1 DAGs
[2026-03-09T16:23:54.867+0000] {logging_mixin.py:190} INFO - [2026-03-09T16:23:54.867+0000] {dag.py:4180} INFO - Setting next_dagrun for mongo_to_postgres_replication to None, run_after=None
[2026-03-09T16:23:54.880+0000] {processor.py:208} INFO - Processing /opt/airflow/dags/etl_mongo_to_postgres.py took 0.069 seconds
[2026-03-09T16:24:24.923+0000] {processor.py:186} INFO - Started process (PID=66) to work on /opt/airflow/dags/etl_mongo_to_postgres.py
[2026-03-09T16:24:24.924+0000] {processor.py:914} INFO - Processing file /opt/airflow/dags/etl_mongo_to_postgres.py for tasks to queue
[2026-03-09T16:24:24.926+0000] {logging_mixin.py:190} INFO - [2026-03-09T16:24:24.926+0000] {dagbag.py:588} INFO - Filling up the DagBag from /opt/airflow/dags/etl_mongo_to_postgres.py
[2026-03-09T16:24:24.933+0000] {processor.py:925} INFO - DAG(s) 'mongo_to_postgres_replication' retrieved from /opt/airflow/dags/etl_mongo_to_postgres.py
[2026-03-09T16:24:24.970+0000] {logging_mixin.py:190} INFO - [2026-03-09T16:24:24.970+0000] {dag.py:3239} INFO - Sync 1 DAGs
[2026-03-09T16:24:24.985+0000] {logging_mixin.py:190} INFO - [2026-03-09T16:24:24.984+0000] {dag.py:4180} INFO - Setting next_dagrun for mongo_to_postgres_replication to None, run_after=None
[2026-03-09T16:24:25.002+0000] {processor.py:208} INFO - Processing /opt/airflow/dags/etl_mongo_to_postgres.py took 0.085 seconds
[2026-03-09T16:24:43.816+0000] {processor.py:186} INFO - Started process (PID=54) to work on /opt/airflow/dags/etl_mongo_to_postgres.py
[2026-03-09T16:24:43.818+0000] {processor.py:914} INFO - Processing file /opt/airflow/dags/etl_mongo_to_postgres.py for tasks to queue
[2026-03-09T16:24:43.820+0000] {logging_mixin.py:190} INFO - [2026-03-09T16:24:43.820+0000] {dagbag.py:588} INFO - Filling up the DagBag from /opt/airflow/dags/etl_mongo_to_postgres.py
[2026-03-09T16:24:43.830+0000] {processor.py:925} INFO - DAG(s) 'mongo_to_postgres_replication' retrieved from /opt/airflow/dags/etl_mongo_to_postgres.py
[2026-03-09T16:24:43.856+0000] {logging_mixin.py:190} INFO - [2026-03-09T16:24:43.856+0000] {dag.py:3239} INFO - Sync 1 DAGs
[2026-03-09T16:24:43.869+0000] {logging_mixin.py:190} INFO - [2026-03-09T16:24:43.869+0000] {dag.py:4180} INFO - Setting next_dagrun for mongo_to_postgres_replication to None, run_after=None
[2026-03-09T16:24:43.884+0000] {processor.py:208} INFO - Processing /opt/airflow/dags/etl_mongo_to_postgres.py took 0.074 seconds
[2026-03-09T16:25:14.875+0000] {processor.py:186} INFO - Started process (PID=55) to work on /opt/airflow/dags/etl_mongo_to_postgres.py
[2026-03-09T16:25:14.877+0000] {processor.py:914} INFO - Processing file /opt/airflow/dags/etl_mongo_to_postgres.py for tasks to queue
[2026-03-09T16:25:14.879+0000] {logging_mixin.py:190} INFO - [2026-03-09T16:25:14.879+0000] {dagbag.py:588} INFO - Filling up the DagBag from /opt/airflow/dags/etl_mongo_to_postgres.py
[2026-03-09T16:25:14.888+0000] {processor.py:925} INFO - DAG(s) 'mongo_to_postgres_replication' retrieved from /opt/airflow/dags/etl_mongo_to_postgres.py
[2026-03-09T16:25:14.917+0000] {logging_mixin.py:190} INFO - [2026-03-09T16:25:14.916+0000] {dag.py:3239} INFO - Sync 1 DAGs
[2026-03-09T16:25:14.931+0000] {logging_mixin.py:190} INFO - [2026-03-09T16:25:14.931+0000] {dag.py:4180} INFO - Setting next_dagrun for mongo_to_postgres_replication to None, run_after=None
[2026-03-09T16:25:14.945+0000] {processor.py:208} INFO - Processing /opt/airflow/dags/etl_mongo_to_postgres.py took 0.077 seconds
[2026-03-09T16:25:45.919+0000] {processor.py:186} INFO - Started process (PID=76) to work on /opt/airflow/dags/etl_mongo_to_postgres.py
[2026-03-09T16:25:45.929+0000] {processor.py:914} INFO - Processing file /opt/airflow/dags/etl_mongo_to_postgres.py for tasks to queue
[2026-03-09T16:25:45.930+0000] {logging_mixin.py:190} INFO - [2026-03-09T16:25:45.930+0000] {dagbag.py:588} INFO - Filling up the DagBag from /opt/airflow/dags/etl_mongo_to_postgres.py
[2026-03-09T16:25:45.939+0000] {processor.py:925} INFO - DAG(s) 'mongo_to_postgres_replication' retrieved from /opt/airflow/dags/etl_mongo_to_postgres.py
[2026-03-09T16:25:45.964+0000] {logging_mixin.py:190} INFO - [2026-03-09T16:25:45.964+0000] {dag.py:3239} INFO - Sync 1 DAGs
[2026-03-09T16:25:45.975+0000] {logging_mixin.py:190} INFO - [2026-03-09T16:25:45.974+0000] {dag.py:4180} INFO - Setting next_dagrun for mongo_to_postgres_replication to None, run_after=None
[2026-03-09T16:25:45.989+0000] {processor.py:208} INFO - Processing /opt/airflow/dags/etl_mongo_to_postgres.py took 0.076 seconds
[2026-03-09T16:26:16.058+0000] {processor.py:186} INFO - Started process (PID=152) to work on /opt/airflow/dags/etl_mongo_to_postgres.py
[2026-03-09T16:26:16.067+0000] {processor.py:914} INFO - Processing file /opt/airflow/dags/etl_mongo_to_postgres.py for tasks to queue
[2026-03-09T16:26:16.070+0000] {logging_mixin.py:190} INFO - [2026-03-09T16:26:16.069+0000] {dagbag.py:588} INFO - Filling up the DagBag from /opt/airflow/dags/etl_mongo_to_postgres.py
[2026-03-09T16:26:16.078+0000] {processor.py:925} INFO - DAG(s) 'mongo_to_postgres_replication' retrieved from /opt/airflow/dags/etl_mongo_to_postgres.py
[2026-03-09T16:26:16.103+0000] {logging_mixin.py:190} INFO - [2026-03-09T16:26:16.103+0000] {dag.py:3239} INFO - Sync 1 DAGs
[2026-03-09T16:26:16.115+0000] {logging_mixin.py:190} INFO - [2026-03-09T16:26:16.115+0000] {dag.py:4180} INFO - Setting next_dagrun for mongo_to_postgres_replication to None, run_after=None
[2026-03-09T16:26:16.128+0000] {processor.py:208} INFO - Processing /opt/airflow/dags/etl_mongo_to_postgres.py took 0.076 seconds
[2026-03-09T16:26:46.166+0000] {processor.py:186} INFO - Started process (PID=153) to work on /opt/airflow/dags/etl_mongo_to_postgres.py
[2026-03-09T16:26:46.167+0000] {processor.py:914} INFO - Processing file /opt/airflow/dags/etl_mongo_to_postgres.py for tasks to queue
[2026-03-09T16:26:46.169+0000] {logging_mixin.py:190} INFO - [2026-03-09T16:26:46.169+0000] {dagbag.py:588} INFO - Filling up the DagBag from /opt/airflow/dags/etl_mongo_to_postgres.py
[2026-03-09T16:26:46.176+0000] {processor.py:925} INFO - DAG(s) 'mongo_to_postgres_replication' retrieved from /opt/airflow/dags/etl_mongo_to_postgres.py
[2026-03-09T16:26:46.198+0000] {logging_mixin.py:190} INFO - [2026-03-09T16:26:46.198+0000] {dag.py:3239} INFO - Sync 1 DAGs
[2026-03-09T16:26:46.209+0000] {logging_mixin.py:190} INFO - [2026-03-09T16:26:46.209+0000] {dag.py:4180} INFO - Setting next_dagrun for mongo_to_postgres_replication to None, run_after=None
[2026-03-09T16:26:46.221+0000] {processor.py:208} INFO - Processing /opt/airflow/dags/etl_mongo_to_postgres.py took 0.060 seconds
[2026-03-09T16:27:17.125+0000] {processor.py:186} INFO - Started process (PID=154) to work on /opt/airflow/dags/etl_mongo_to_postgres.py
[2026-03-09T16:27:17.134+0000] {processor.py:914} INFO - Processing file /opt/airflow/dags/etl_mongo_to_postgres.py for tasks to queue
[2026-03-09T16:27:17.136+0000] {logging_mixin.py:190} INFO - [2026-03-09T16:27:17.136+0000] {dagbag.py:588} INFO - Filling up the DagBag from /opt/airflow/dags/etl_mongo_to_postgres.py
[2026-03-09T16:27:17.143+0000] {processor.py:925} INFO - DAG(s) 'mongo_to_postgres_replication' retrieved from /opt/airflow/dags/etl_mongo_to_postgres.py
[2026-03-09T16:27:17.166+0000] {logging_mixin.py:190} INFO - [2026-03-09T16:27:17.166+0000] {dag.py:3239} INFO - Sync 1 DAGs
[2026-03-09T16:27:17.178+0000] {logging_mixin.py:190} INFO - [2026-03-09T16:27:17.178+0000] {dag.py:4180} INFO - Setting next_dagrun for mongo_to_postgres_replication to None, run_after=None
[2026-03-09T16:27:17.189+0000] {processor.py:208} INFO - Processing /opt/airflow/dags/etl_mongo_to_postgres.py took 0.070 seconds
[2026-03-09T16:27:47.236+0000] {processor.py:186} INFO - Started process (PID=155) to work on /opt/airflow/dags/etl_mongo_to_postgres.py
[2026-03-09T16:27:47.246+0000] {processor.py:914} INFO - Processing file /opt/airflow/dags/etl_mongo_to_postgres.py for tasks to queue
[2026-03-09T16:27:47.249+0000] {logging_mixin.py:190} INFO - [2026-03-09T16:27:47.249+0000] {dagbag.py:588} INFO - Filling up the DagBag from /opt/airflow/dags/etl_mongo_to_postgres.py
[2026-03-09T16:27:47.258+0000] {processor.py:925} INFO - DAG(s) 'mongo_to_postgres_replication' retrieved from /opt/airflow/dags/etl_mongo_to_postgres.py
[2026-03-09T16:27:47.287+0000] {logging_mixin.py:190} INFO - [2026-03-09T16:27:47.287+0000] {dag.py:3239} INFO - Sync 1 DAGs
[2026-03-09T16:27:47.299+0000] {logging_mixin.py:190} INFO - [2026-03-09T16:27:47.299+0000] {dag.py:4180} INFO - Setting next_dagrun for mongo_to_postgres_replication to None, run_after=None
[2026-03-09T16:27:47.313+0000] {processor.py:208} INFO - Processing /opt/airflow/dags/etl_mongo_to_postgres.py took 0.084 seconds
[2026-03-09T16:28:17.361+0000] {processor.py:186} INFO - Started process (PID=156) to work on /opt/airflow/dags/etl_mongo_to_postgres.py
[2026-03-09T16:28:17.362+0000] {processor.py:914} INFO - Processing file /opt/airflow/dags/etl_mongo_to_postgres.py for tasks to queue
[2026-03-09T16:28:17.365+0000] {logging_mixin.py:190} INFO - [2026-03-09T16:28:17.365+0000] {dagbag.py:588} INFO - Filling up the DagBag from /opt/airflow/dags/etl_mongo_to_postgres.py
[2026-03-09T16:28:17.375+0000] {processor.py:925} INFO - DAG(s) 'mongo_to_postgres_replication' retrieved from /opt/airflow/dags/etl_mongo_to_postgres.py
[2026-03-09T16:28:17.404+0000] {logging_mixin.py:190} INFO - [2026-03-09T16:28:17.404+0000] {dag.py:3239} INFO - Sync 1 DAGs
[2026-03-09T16:28:17.416+0000] {logging_mixin.py:190} INFO - [2026-03-09T16:28:17.416+0000] {dag.py:4180} INFO - Setting next_dagrun for mongo_to_postgres_replication to None, run_after=None
[2026-03-09T16:28:17.430+0000] {processor.py:208} INFO - Processing /opt/airflow/dags/etl_mongo_to_postgres.py took 0.076 seconds
[2026-03-09T16:28:47.458+0000] {processor.py:186} INFO - Started process (PID=157) to work on /opt/airflow/dags/etl_mongo_to_postgres.py
[2026-03-09T16:28:47.460+0000] {processor.py:914} INFO - Processing file /opt/airflow/dags/etl_mongo_to_postgres.py for tasks to queue
[2026-03-09T16:28:47.462+0000] {logging_mixin.py:190} INFO - [2026-03-09T16:28:47.461+0000] {dagbag.py:588} INFO - Filling up the DagBag from /opt/airflow/dags/etl_mongo_to_postgres.py
[2026-03-09T16:28:47.470+0000] {processor.py:925} INFO - DAG(s) 'mongo_to_postgres_replication' retrieved from /opt/airflow/dags/etl_mongo_to_postgres.py
[2026-03-09T16:28:47.498+0000] {logging_mixin.py:190} INFO - [2026-03-09T16:28:47.497+0000] {dag.py:3239} INFO - Sync 1 DAGs
[2026-03-09T16:28:47.509+0000] {logging_mixin.py:190} INFO - [2026-03-09T16:28:47.509+0000] {dag.py:4180} INFO - Setting next_dagrun for mongo_to_postgres_replication to None, run_after=None
[2026-03-09T16:28:47.522+0000] {processor.py:208} INFO - Processing /opt/airflow/dags/etl_mongo_to_postgres.py took 0.070 seconds
[2026-03-09T16:29:17.565+0000] {processor.py:186} INFO - Started process (PID=158) to work on /opt/airflow/dags/etl_mongo_to_postgres.py
[2026-03-09T16:29:17.574+0000] {processor.py:914} INFO - Processing file /opt/airflow/dags/etl_mongo_to_postgres.py for tasks to queue
[2026-03-09T16:29:17.576+0000] {logging_mixin.py:190} INFO - [2026-03-09T16:29:17.575+0000] {dagbag.py:588} INFO - Filling up the DagBag from /opt/airflow/dags/etl_mongo_to_postgres.py
[2026-03-09T16:29:17.582+0000] {processor.py:925} INFO - DAG(s) 'mongo_to_postgres_replication' retrieved from /opt/airflow/dags/etl_mongo_to_postgres.py
[2026-03-09T16:29:17.609+0000] {logging_mixin.py:190} INFO - [2026-03-09T16:29:17.609+0000] {dag.py:3239} INFO - Sync 1 DAGs
[2026-03-09T16:29:17.621+0000] {logging_mixin.py:190} INFO - [2026-03-09T16:29:17.621+0000] {dag.py:4180} INFO - Setting next_dagrun for mongo_to_postgres_replication to None, run_after=None
[2026-03-09T16:29:17.635+0000] {processor.py:208} INFO - Processing /opt/airflow/dags/etl_mongo_to_postgres.py took 0.076 seconds
[2026-03-09T16:29:47.666+0000] {processor.py:186} INFO - Started process (PID=254) to work on /opt/airflow/dags/etl_mongo_to_postgres.py
[2026-03-09T16:29:47.675+0000] {processor.py:914} INFO - Processing file /opt/airflow/dags/etl_mongo_to_postgres.py for tasks to queue
[2026-03-09T16:29:47.677+0000] {logging_mixin.py:190} INFO - [2026-03-09T16:29:47.676+0000] {dagbag.py:588} INFO - Filling up the DagBag from /opt/airflow/dags/etl_mongo_to_postgres.py
[2026-03-09T16:29:47.684+0000] {processor.py:925} INFO - DAG(s) 'mongo_to_postgres_replication' retrieved from /opt/airflow/dags/etl_mongo_to_postgres.py
[2026-03-09T16:29:47.711+0000] {logging_mixin.py:190} INFO - [2026-03-09T16:29:47.711+0000] {dag.py:3239} INFO - Sync 1 DAGs
[2026-03-09T16:29:47.724+0000] {logging_mixin.py:190} INFO - [2026-03-09T16:29:47.723+0000] {dag.py:4180} INFO - Setting next_dagrun for mongo_to_postgres_replication to None, run_after=None
[2026-03-09T16:29:47.740+0000] {processor.py:208} INFO - Processing /opt/airflow/dags/etl_mongo_to_postgres.py took 0.080 seconds
[2026-03-09T16:30:18.719+0000] {processor.py:186} INFO - Started process (PID=255) to work on /opt/airflow/dags/etl_mongo_to_postgres.py
[2026-03-09T16:30:18.720+0000] {processor.py:914} INFO - Processing file /opt/airflow/dags/etl_mongo_to_postgres.py for tasks to queue
[2026-03-09T16:30:18.722+0000] {logging_mixin.py:190} INFO - [2026-03-09T16:30:18.722+0000] {dagbag.py:588} INFO - Filling up the DagBag from /opt/airflow/dags/etl_mongo_to_postgres.py
[2026-03-09T16:30:18.729+0000] {processor.py:925} INFO - DAG(s) 'mongo_to_postgres_replication' retrieved from /opt/airflow/dags/etl_mongo_to_postgres.py
[2026-03-09T16:30:18.751+0000] {logging_mixin.py:190} INFO - [2026-03-09T16:30:18.751+0000] {dag.py:3239} INFO - Sync 1 DAGs
[2026-03-09T16:30:18.761+0000] {logging_mixin.py:190} INFO - [2026-03-09T16:30:18.761+0000] {dag.py:4180} INFO - Setting next_dagrun for mongo_to_postgres_replication to None, run_after=None
[2026-03-09T16:30:18.773+0000] {processor.py:208} INFO - Processing /opt/airflow/dags/etl_mongo_to_postgres.py took 0.059 seconds
[2026-03-09T16:30:48.848+0000] {processor.py:186} INFO - Started process (PID=276) to work on /opt/airflow/dags/etl_mongo_to_postgres.py
[2026-03-09T16:30:48.856+0000] {processor.py:914} INFO - Processing file /opt/airflow/dags/etl_mongo_to_postgres.py for tasks to queue
[2026-03-09T16:30:48.858+0000] {logging_mixin.py:190} INFO - [2026-03-09T16:30:48.858+0000] {dagbag.py:588} INFO - Filling up the DagBag from /opt/airflow/dags/etl_mongo_to_postgres.py
[2026-03-09T16:30:48.865+0000] {processor.py:925} INFO - DAG(s) 'mongo_to_postgres_replication' retrieved from /opt/airflow/dags/etl_mongo_to_postgres.py
[2026-03-09T16:30:48.889+0000] {logging_mixin.py:190} INFO - [2026-03-09T16:30:48.889+0000] {dag.py:3239} INFO - Sync 1 DAGs
[2026-03-09T16:30:48.900+0000] {logging_mixin.py:190} INFO - [2026-03-09T16:30:48.900+0000] {dag.py:4180} INFO - Setting next_dagrun for mongo_to_postgres_replication to None, run_after=None
[2026-03-09T16:30:48.913+0000] {processor.py:208} INFO - Processing /opt/airflow/dags/etl_mongo_to_postgres.py took 0.071 seconds
[2026-03-09T16:31:18.942+0000] {processor.py:186} INFO - Started process (PID=352) to work on /opt/airflow/dags/etl_mongo_to_postgres.py
[2026-03-09T16:31:18.943+0000] {processor.py:914} INFO - Processing file /opt/airflow/dags/etl_mongo_to_postgres.py for tasks to queue
[2026-03-09T16:31:18.944+0000] {logging_mixin.py:190} INFO - [2026-03-09T16:31:18.944+0000] {dagbag.py:588} INFO - Filling up the DagBag from /opt/airflow/dags/etl_mongo_to_postgres.py
[2026-03-09T16:31:18.951+0000] {processor.py:925} INFO - DAG(s) 'mongo_to_postgres_replication' retrieved from /opt/airflow/dags/etl_mongo_to_postgres.py
[2026-03-09T16:31:18.974+0000] {logging_mixin.py:190} INFO - [2026-03-09T16:31:18.974+0000] {dag.py:3239} INFO - Sync 1 DAGs
[2026-03-09T16:31:18.985+0000] {logging_mixin.py:190} INFO - [2026-03-09T16:31:18.985+0000] {dag.py:4180} INFO - Setting next_dagrun for mongo_to_postgres_replication to None, run_after=None
[2026-03-09T16:31:19.000+0000] {processor.py:208} INFO - Processing /opt/airflow/dags/etl_mongo_to_postgres.py took 0.063 seconds
[2026-03-09T16:31:49.047+0000] {processor.py:186} INFO - Started process (PID=353) to work on /opt/airflow/dags/etl_mongo_to_postgres.py
[2026-03-09T16:31:49.055+0000] {processor.py:914} INFO - Processing file /opt/airflow/dags/etl_mongo_to_postgres.py for tasks to queue
[2026-03-09T16:31:49.057+0000] {logging_mixin.py:190} INFO - [2026-03-09T16:31:49.057+0000] {dagbag.py:588} INFO - Filling up the DagBag from /opt/airflow/dags/etl_mongo_to_postgres.py
[2026-03-09T16:31:49.064+0000] {processor.py:925} INFO - DAG(s) 'mongo_to_postgres_replication' retrieved from /opt/airflow/dags/etl_mongo_to_postgres.py
[2026-03-09T16:31:49.086+0000] {logging_mixin.py:190} INFO - [2026-03-09T16:31:49.086+0000] {dag.py:3239} INFO - Sync 1 DAGs
[2026-03-09T16:31:49.097+0000] {logging_mixin.py:190} INFO - [2026-03-09T16:31:49.097+0000] {dag.py:4180} INFO - Setting next_dagrun for mongo_to_postgres_replication to None, run_after=None
[2026-03-09T16:31:49.109+0000] {processor.py:208} INFO - Processing /opt/airflow/dags/etl_mongo_to_postgres.py took 0.068 seconds
[2026-03-09T16:32:19.136+0000] {processor.py:186} INFO - Started process (PID=354) to work on /opt/airflow/dags/etl_mongo_to_postgres.py
[2026-03-09T16:32:19.146+0000] {processor.py:914} INFO - Processing file /opt/airflow/dags/etl_mongo_to_postgres.py for tasks to queue
[2026-03-09T16:32:19.148+0000] {logging_mixin.py:190} INFO - [2026-03-09T16:32:19.148+0000] {dagbag.py:588} INFO - Filling up the DagBag from /opt/airflow/dags/etl_mongo_to_postgres.py
[2026-03-09T16:32:19.155+0000] {processor.py:925} INFO - DAG(s) 'mongo_to_postgres_replication' retrieved from /opt/airflow/dags/etl_mongo_to_postgres.py
[2026-03-09T16:32:19.178+0000] {logging_mixin.py:190} INFO - [2026-03-09T16:32:19.178+0000] {dag.py:3239} INFO - Sync 1 DAGs
[2026-03-09T16:32:19.189+0000] {logging_mixin.py:190} INFO - [2026-03-09T16:32:19.188+0000] {dag.py:4180} INFO - Setting next_dagrun for mongo_to_postgres_replication to None, run_after=None
[2026-03-09T16:32:19.200+0000] {processor.py:208} INFO - Processing /opt/airflow/dags/etl_mongo_to_postgres.py took 0.069 seconds
[2026-03-09T16:32:49.240+0000] {processor.py:186} INFO - Started process (PID=355) to work on /opt/airflow/dags/etl_mongo_to_postgres.py
[2026-03-09T16:32:49.241+0000] {processor.py:914} INFO - Processing file /opt/airflow/dags/etl_mongo_to_postgres.py for tasks to queue
[2026-03-09T16:32:49.243+0000] {logging_mixin.py:190} INFO - [2026-03-09T16:32:49.242+0000] {dagbag.py:588} INFO - Filling up the DagBag from /opt/airflow/dags/etl_mongo_to_postgres.py
[2026-03-09T16:32:49.250+0000] {processor.py:925} INFO - DAG(s) 'mongo_to_postgres_replication' retrieved from /opt/airflow/dags/etl_mongo_to_postgres.py
[2026-03-09T16:32:49.275+0000] {logging_mixin.py:190} INFO - [2026-03-09T16:32:49.275+0000] {dag.py:3239} INFO - Sync 1 DAGs
[2026-03-09T16:32:49.287+0000] {logging_mixin.py:190} INFO - [2026-03-09T16:32:49.287+0000] {dag.py:4180} INFO - Setting next_dagrun for mongo_to_postgres_replication to None, run_after=None
[2026-03-09T16:32:49.302+0000] {processor.py:208} INFO - Processing /opt/airflow/dags/etl_mongo_to_postgres.py took 0.068 seconds
[2026-03-09T16:33:19.331+0000] {processor.py:186} INFO - Started process (PID=356) to work on /opt/airflow/dags/etl_mongo_to_postgres.py
[2026-03-09T16:33:19.332+0000] {processor.py:914} INFO - Processing file /opt/airflow/dags/etl_mongo_to_postgres.py for tasks to queue
[2026-03-09T16:33:19.334+0000] {logging_mixin.py:190} INFO - [2026-03-09T16:33:19.334+0000] {dagbag.py:588} INFO - Filling up the DagBag from /opt/airflow/dags/etl_mongo_to_postgres.py
[2026-03-09T16:33:19.341+0000] {processor.py:925} INFO - DAG(s) 'mongo_to_postgres_replication' retrieved from /opt/airflow/dags/etl_mongo_to_postgres.py
[2026-03-09T16:33:19.365+0000] {logging_mixin.py:190} INFO - [2026-03-09T16:33:19.365+0000] {dag.py:3239} INFO - Sync 1 DAGs
[2026-03-09T16:33:19.377+0000] {logging_mixin.py:190} INFO - [2026-03-09T16:33:19.376+0000] {dag.py:4180} INFO - Setting next_dagrun for mongo_to_postgres_replication to None, run_after=None
[2026-03-09T16:33:19.391+0000] {processor.py:208} INFO - Processing /opt/airflow/dags/etl_mongo_to_postgres.py took 0.066 seconds
[2026-03-09T16:33:50.379+0000] {processor.py:186} INFO - Started process (PID=357) to work on /opt/airflow/dags/etl_mongo_to_postgres.py
[2026-03-09T16:33:50.380+0000] {processor.py:914} INFO - Processing file /opt/airflow/dags/etl_mongo_to_postgres.py for tasks to queue
[2026-03-09T16:33:50.382+0000] {logging_mixin.py:190} INFO - [2026-03-09T16:33:50.381+0000] {dagbag.py:588} INFO - Filling up the DagBag from /opt/airflow/dags/etl_mongo_to_postgres.py
[2026-03-09T16:33:50.388+0000] {processor.py:925} INFO - DAG(s) 'mongo_to_postgres_replication' retrieved from /opt/airflow/dags/etl_mongo_to_postgres.py
[2026-03-09T16:33:50.410+0000] {logging_mixin.py:190} INFO - [2026-03-09T16:33:50.410+0000] {dag.py:3239} INFO - Sync 1 DAGs
[2026-03-09T16:33:50.421+0000] {logging_mixin.py:190} INFO - [2026-03-09T16:33:50.421+0000] {dag.py:4180} INFO - Setting next_dagrun for mongo_to_postgres_replication to None, run_after=None
[2026-03-09T16:33:50.433+0000] {processor.py:208} INFO - Processing /opt/airflow/dags/etl_mongo_to_postgres.py took 0.060 seconds
[2026-03-09T16:34:21.446+0000] {processor.py:186} INFO - Started process (PID=358) to work on /opt/airflow/dags/etl_mongo_to_postgres.py
[2026-03-09T16:34:21.447+0000] {processor.py:914} INFO - Processing file /opt/airflow/dags/etl_mongo_to_postgres.py for tasks to queue
[2026-03-09T16:34:21.449+0000] {logging_mixin.py:190} INFO - [2026-03-09T16:34:21.448+0000] {dagbag.py:588} INFO - Filling up the DagBag from /opt/airflow/dags/etl_mongo_to_postgres.py
[2026-03-09T16:34:21.455+0000] {processor.py:925} INFO - DAG(s) 'mongo_to_postgres_replication' retrieved from /opt/airflow/dags/etl_mongo_to_postgres.py
[2026-03-09T16:34:21.478+0000] {logging_mixin.py:190} INFO - [2026-03-09T16:34:21.478+0000] {dag.py:3239} INFO - Sync 1 DAGs
[2026-03-09T16:34:21.490+0000] {logging_mixin.py:190} INFO - [2026-03-09T16:34:21.490+0000] {dag.py:4180} INFO - Setting next_dagrun for mongo_to_postgres_replication to None, run_after=None
[2026-03-09T16:34:21.503+0000] {processor.py:208} INFO - Processing /opt/airflow/dags/etl_mongo_to_postgres.py took 0.063 seconds
[2026-03-09T16:34:52.531+0000] {processor.py:186} INFO - Started process (PID=454) to work on /opt/airflow/dags/etl_mongo_to_postgres.py
[2026-03-09T16:34:52.533+0000] {processor.py:914} INFO - Processing file /opt/airflow/dags/etl_mongo_to_postgres.py for tasks to queue
[2026-03-09T16:34:52.534+0000] {logging_mixin.py:190} INFO - [2026-03-09T16:34:52.534+0000] {dagbag.py:588} INFO - Filling up the DagBag from /opt/airflow/dags/etl_mongo_to_postgres.py
[2026-03-09T16:34:52.541+0000] {processor.py:925} INFO - DAG(s) 'mongo_to_postgres_replication' retrieved from /opt/airflow/dags/etl_mongo_to_postgres.py
[2026-03-09T16:34:52.563+0000] {logging_mixin.py:190} INFO - [2026-03-09T16:34:52.563+0000] {dag.py:3239} INFO - Sync 1 DAGs
[2026-03-09T16:34:52.574+0000] {logging_mixin.py:190} INFO - [2026-03-09T16:34:52.573+0000] {dag.py:4180} INFO - Setting next_dagrun for mongo_to_postgres_replication to None, run_after=None
[2026-03-09T16:34:52.585+0000] {processor.py:208} INFO - Processing /opt/airflow/dags/etl_mongo_to_postgres.py took 0.060 seconds
[2026-03-09T16:35:23.605+0000] {processor.py:186} INFO - Started process (PID=455) to work on /opt/airflow/dags/etl_mongo_to_postgres.py
[2026-03-09T16:35:23.606+0000] {processor.py:914} INFO - Processing file /opt/airflow/dags/etl_mongo_to_postgres.py for tasks to queue
[2026-03-09T16:35:23.608+0000] {logging_mixin.py:190} INFO - [2026-03-09T16:35:23.607+0000] {dagbag.py:588} INFO - Filling up the DagBag from /opt/airflow/dags/etl_mongo_to_postgres.py
[2026-03-09T16:35:23.614+0000] {processor.py:925} INFO - DAG(s) 'mongo_to_postgres_replication' retrieved from /opt/airflow/dags/etl_mongo_to_postgres.py
[2026-03-09T16:35:23.636+0000] {logging_mixin.py:190} INFO - [2026-03-09T16:35:23.636+0000] {dag.py:3239} INFO - Sync 1 DAGs
[2026-03-09T16:35:23.646+0000] {logging_mixin.py:190} INFO - [2026-03-09T16:35:23.646+0000] {dag.py:4180} INFO - Setting next_dagrun for mongo_to_postgres_replication to None, run_after=None
[2026-03-09T16:35:23.659+0000] {processor.py:208} INFO - Processing /opt/airflow/dags/etl_mongo_to_postgres.py took 0.060 seconds
[2026-03-09T16:35:54.650+0000] {processor.py:186} INFO - Started process (PID=456) to work on /opt/airflow/dags/etl_mongo_to_postgres.py
[2026-03-09T16:35:54.659+0000] {processor.py:914} INFO - Processing file /opt/airflow/dags/etl_mongo_to_postgres.py for tasks to queue
[2026-03-09T16:35:54.661+0000] {logging_mixin.py:190} INFO - [2026-03-09T16:35:54.661+0000] {dagbag.py:588} INFO - Filling up the DagBag from /opt/airflow/dags/etl_mongo_to_postgres.py
[2026-03-09T16:35:54.667+0000] {processor.py:925} INFO - DAG(s) 'mongo_to_postgres_replication' retrieved from /opt/airflow/dags/etl_mongo_to_postgres.py
[2026-03-09T16:35:54.690+0000] {logging_mixin.py:190} INFO - [2026-03-09T16:35:54.690+0000] {dag.py:3239} INFO - Sync 1 DAGs
[2026-03-09T16:35:54.700+0000] {logging_mixin.py:190} INFO - [2026-03-09T16:35:54.700+0000] {dag.py:4180} INFO - Setting next_dagrun for mongo_to_postgres_replication to None, run_after=None
[2026-03-09T16:35:54.712+0000] {processor.py:208} INFO - Processing /opt/airflow/dags/etl_mongo_to_postgres.py took 0.067 seconds
[2026-03-09T16:36:24.742+0000] {processor.py:186} INFO - Started process (PID=457) to work on /opt/airflow/dags/etl_mongo_to_postgres.py
[2026-03-09T16:36:24.752+0000] {processor.py:914} INFO - Processing file /opt/airflow/dags/etl_mongo_to_postgres.py for tasks to queue
[2026-03-09T16:36:24.754+0000] {logging_mixin.py:190} INFO - [2026-03-09T16:36:24.754+0000] {dagbag.py:588} INFO - Filling up the DagBag from /opt/airflow/dags/etl_mongo_to_postgres.py
[2026-03-09T16:36:24.761+0000] {processor.py:925} INFO - DAG(s) 'mongo_to_postgres_replication' retrieved from /opt/airflow/dags/etl_mongo_to_postgres.py
[2026-03-09T16:36:24.789+0000] {logging_mixin.py:190} INFO - [2026-03-09T16:36:24.789+0000] {dag.py:3239} INFO - Sync 1 DAGs
[2026-03-09T16:36:24.801+0000] {logging_mixin.py:190} INFO - [2026-03-09T16:36:24.801+0000] {dag.py:4180} INFO - Setting next_dagrun for mongo_to_postgres_replication to None, run_after=None
[2026-03-09T16:36:24.814+0000] {processor.py:208} INFO - Processing /opt/airflow/dags/etl_mongo_to_postgres.py took 0.077 seconds
[2026-03-09T16:36:54.854+0000] {processor.py:186} INFO - Started process (PID=458) to work on /opt/airflow/dags/etl_mongo_to_postgres.py
[2026-03-09T16:36:54.856+0000] {processor.py:914} INFO - Processing file /opt/airflow/dags/etl_mongo_to_postgres.py for tasks to queue
[2026-03-09T16:36:54.857+0000] {logging_mixin.py:190} INFO - [2026-03-09T16:36:54.857+0000] {dagbag.py:588} INFO - Filling up the DagBag from /opt/airflow/dags/etl_mongo_to_postgres.py
[2026-03-09T16:36:54.864+0000] {processor.py:925} INFO - DAG(s) 'mongo_to_postgres_replication' retrieved from /opt/airflow/dags/etl_mongo_to_postgres.py
[2026-03-09T16:36:54.892+0000] {logging_mixin.py:190} INFO - [2026-03-09T16:36:54.892+0000] {dag.py:3239} INFO - Sync 1 DAGs
[2026-03-09T16:36:54.903+0000] {logging_mixin.py:190} INFO - [2026-03-09T16:36:54.902+0000] {dag.py:4180} INFO - Setting next_dagrun for mongo_to_postgres_replication to None, run_after=None
[2026-03-09T16:36:54.915+0000] {processor.py:208} INFO - Processing /opt/airflow/dags/etl_mongo_to_postgres.py took 0.066 seconds
[2026-03-09T16:37:17.838+0000] {processor.py:186} INFO - Started process (PID=459) to work on /opt/airflow/dags/etl_mongo_to_postgres.py
[2026-03-09T16:37:17.839+0000] {processor.py:914} INFO - Processing file /opt/airflow/dags/etl_mongo_to_postgres.py for tasks to queue
[2026-03-09T16:37:17.841+0000] {logging_mixin.py:190} INFO - [2026-03-09T16:37:17.841+0000] {dagbag.py:588} INFO - Filling up the DagBag from /opt/airflow/dags/etl_mongo_to_postgres.py
[2026-03-09T16:37:17.849+0000] {processor.py:925} INFO - DAG(s) 'mongo_to_postgres_replication' retrieved from /opt/airflow/dags/etl_mongo_to_postgres.py
[2026-03-09T16:37:17.876+0000] {logging_mixin.py:190} INFO - [2026-03-09T16:37:17.876+0000] {dag.py:3239} INFO - Sync 1 DAGs
[2026-03-09T16:37:17.886+0000] {logging_mixin.py:190} INFO - [2026-03-09T16:37:17.886+0000] {dag.py:4180} INFO - Setting next_dagrun for mongo_to_postgres_replication to None, run_after=None
[2026-03-09T16:37:17.898+0000] {processor.py:208} INFO - Processing /opt/airflow/dags/etl_mongo_to_postgres.py took 0.066 seconds
[2026-03-09T16:37:47.931+0000] {processor.py:186} INFO - Started process (PID=460) to work on /opt/airflow/dags/etl_mongo_to_postgres.py
[2026-03-09T16:37:47.940+0000] {processor.py:914} INFO - Processing file /opt/airflow/dags/etl_mongo_to_postgres.py for tasks to queue
[2026-03-09T16:37:47.942+0000] {logging_mixin.py:190} INFO - [2026-03-09T16:37:47.942+0000] {dagbag.py:588} INFO - Filling up the DagBag from /opt/airflow/dags/etl_mongo_to_postgres.py
[2026-03-09T16:37:47.949+0000] {processor.py:925} INFO - DAG(s) 'mongo_to_postgres_replication' retrieved from /opt/airflow/dags/etl_mongo_to_postgres.py
[2026-03-09T16:37:47.977+0000] {logging_mixin.py:190} INFO - [2026-03-09T16:37:47.977+0000] {dag.py:3239} INFO - Sync 1 DAGs
[2026-03-09T16:37:47.989+0000] {logging_mixin.py:190} INFO - [2026-03-09T16:37:47.989+0000] {dag.py:4180} INFO - Setting next_dagrun for mongo_to_postgres_replication to None, run_after=None
[2026-03-09T16:37:48.002+0000] {processor.py:208} INFO - Processing /opt/airflow/dags/etl_mongo_to_postgres.py took 0.076 seconds
[2026-03-09T16:38:07.059+0000] {processor.py:186} INFO - Started process (PID=461) to work on /opt/airflow/dags/etl_mongo_to_postgres.py
[2026-03-09T16:38:07.067+0000] {processor.py:914} INFO - Processing file /opt/airflow/dags/etl_mongo_to_postgres.py for tasks to queue
[2026-03-09T16:38:07.069+0000] {logging_mixin.py:190} INFO - [2026-03-09T16:38:07.069+0000] {dagbag.py:588} INFO - Filling up the DagBag from /opt/airflow/dags/etl_mongo_to_postgres.py
[2026-03-09T16:38:07.077+0000] {processor.py:925} INFO - DAG(s) 'mongo_to_postgres_replication' retrieved from /opt/airflow/dags/etl_mongo_to_postgres.py
[2026-03-09T16:38:07.170+0000] {logging_mixin.py:190} INFO - [2026-03-09T16:38:07.170+0000] {dag.py:3239} INFO - Sync 1 DAGs
[2026-03-09T16:38:07.179+0000] {logging_mixin.py:190} INFO - [2026-03-09T16:38:07.179+0000] {dag.py:4180} INFO - Setting next_dagrun for mongo_to_postgres_replication to None, run_after=None
[2026-03-09T16:38:07.193+0000] {processor.py:208} INFO - Processing /opt/airflow/dags/etl_mongo_to_postgres.py took 0.140 seconds
[2026-03-09T16:38:43.147+0000] {processor.py:186} INFO - Started process (PID=54) to work on /opt/airflow/dags/etl_mongo_to_postgres.py
[2026-03-09T16:38:43.148+0000] {processor.py:914} INFO - Processing file /opt/airflow/dags/etl_mongo_to_postgres.py for tasks to queue
[2026-03-09T16:38:43.150+0000] {logging_mixin.py:190} INFO - [2026-03-09T16:38:43.150+0000] {dagbag.py:588} INFO - Filling up the DagBag from /opt/airflow/dags/etl_mongo_to_postgres.py
[2026-03-09T16:38:43.159+0000] {processor.py:925} INFO - DAG(s) 'mongo_to_postgres_replication' retrieved from /opt/airflow/dags/etl_mongo_to_postgres.py
[2026-03-09T16:38:43.187+0000] {logging_mixin.py:190} INFO - [2026-03-09T16:38:43.187+0000] {dag.py:3239} INFO - Sync 1 DAGs
[2026-03-09T16:38:43.202+0000] {logging_mixin.py:190} INFO - [2026-03-09T16:38:43.202+0000] {dag.py:4180} INFO - Setting next_dagrun for mongo_to_postgres_replication to None, run_after=None
[2026-03-09T16:38:43.218+0000] {processor.py:208} INFO - Processing /opt/airflow/dags/etl_mongo_to_postgres.py took 0.078 seconds
[2026-03-09T16:39:14.051+0000] {processor.py:186} INFO - Started process (PID=75) to work on /opt/airflow/dags/etl_mongo_to_postgres.py
[2026-03-09T16:39:14.060+0000] {processor.py:914} INFO - Processing file /opt/airflow/dags/etl_mongo_to_postgres.py for tasks to queue
[2026-03-09T16:39:14.063+0000] {logging_mixin.py:190} INFO - [2026-03-09T16:39:14.062+0000] {dagbag.py:588} INFO - Filling up the DagBag from /opt/airflow/dags/etl_mongo_to_postgres.py
[2026-03-09T16:39:14.071+0000] {processor.py:925} INFO - DAG(s) 'mongo_to_postgres_replication' retrieved from /opt/airflow/dags/etl_mongo_to_postgres.py
[2026-03-09T16:39:14.098+0000] {logging_mixin.py:190} INFO - [2026-03-09T16:39:14.098+0000] {dag.py:3239} INFO - Sync 1 DAGs
[2026-03-09T16:39:14.110+0000] {logging_mixin.py:190} INFO - [2026-03-09T16:39:14.110+0000] {dag.py:4180} INFO - Setting next_dagrun for mongo_to_postgres_replication to None, run_after=None
[2026-03-09T16:39:14.124+0000] {processor.py:208} INFO - Processing /opt/airflow/dags/etl_mongo_to_postgres.py took 0.079 seconds
[2026-03-09T16:39:45.133+0000] {processor.py:186} INFO - Started process (PID=97) to work on /opt/airflow/dags/etl_mongo_to_postgres.py
[2026-03-09T16:39:45.136+0000] {processor.py:914} INFO - Processing file /opt/airflow/dags/etl_mongo_to_postgres.py for tasks to queue
[2026-03-09T16:39:45.138+0000] {logging_mixin.py:190} INFO - [2026-03-09T16:39:45.137+0000] {dagbag.py:588} INFO - Filling up the DagBag from /opt/airflow/dags/etl_mongo_to_postgres.py
[2026-03-09T16:39:45.145+0000] {processor.py:925} INFO - DAG(s) 'mongo_to_postgres_replication' retrieved from /opt/airflow/dags/etl_mongo_to_postgres.py
[2026-03-09T16:39:45.170+0000] {logging_mixin.py:190} INFO - [2026-03-09T16:39:45.169+0000] {dag.py:3239} INFO - Sync 1 DAGs
[2026-03-09T16:39:45.181+0000] {logging_mixin.py:190} INFO - [2026-03-09T16:39:45.181+0000] {dag.py:4180} INFO - Setting next_dagrun for mongo_to_postgres_replication to None, run_after=None
[2026-03-09T16:39:45.194+0000] {processor.py:208} INFO - Processing /opt/airflow/dags/etl_mongo_to_postgres.py took 0.067 seconds
[2026-03-09T16:40:15.236+0000] {processor.py:186} INFO - Started process (PID=119) to work on /opt/airflow/dags/etl_mongo_to_postgres.py
[2026-03-09T16:40:15.245+0000] {processor.py:914} INFO - Processing file /opt/airflow/dags/etl_mongo_to_postgres.py for tasks to queue
[2026-03-09T16:40:15.247+0000] {logging_mixin.py:190} INFO - [2026-03-09T16:40:15.247+0000] {dagbag.py:588} INFO - Filling up the DagBag from /opt/airflow/dags/etl_mongo_to_postgres.py
[2026-03-09T16:40:15.255+0000] {processor.py:925} INFO - DAG(s) 'mongo_to_postgres_replication' retrieved from /opt/airflow/dags/etl_mongo_to_postgres.py
[2026-03-09T16:40:15.279+0000] {logging_mixin.py:190} INFO - [2026-03-09T16:40:15.279+0000] {dag.py:3239} INFO - Sync 1 DAGs
[2026-03-09T16:40:15.292+0000] {logging_mixin.py:190} INFO - [2026-03-09T16:40:15.291+0000] {dag.py:4180} INFO - Setting next_dagrun for mongo_to_postgres_replication to None, run_after=None
[2026-03-09T16:40:15.304+0000] {processor.py:208} INFO - Processing /opt/airflow/dags/etl_mongo_to_postgres.py took 0.074 seconds
[2026-03-09T16:40:46.251+0000] {processor.py:186} INFO - Started process (PID=141) to work on /opt/airflow/dags/etl_mongo_to_postgres.py
[2026-03-09T16:40:46.260+0000] {processor.py:914} INFO - Processing file /opt/airflow/dags/etl_mongo_to_postgres.py for tasks to queue
[2026-03-09T16:40:46.262+0000] {logging_mixin.py:190} INFO - [2026-03-09T16:40:46.261+0000] {dagbag.py:588} INFO - Filling up the DagBag from /opt/airflow/dags/etl_mongo_to_postgres.py
[2026-03-09T16:40:46.268+0000] {processor.py:925} INFO - DAG(s) 'mongo_to_postgres_replication' retrieved from /opt/airflow/dags/etl_mongo_to_postgres.py
[2026-03-09T16:40:46.294+0000] {logging_mixin.py:190} INFO - [2026-03-09T16:40:46.294+0000] {dag.py:3239} INFO - Sync 1 DAGs
[2026-03-09T16:40:46.306+0000] {logging_mixin.py:190} INFO - [2026-03-09T16:40:46.306+0000] {dag.py:4180} INFO - Setting next_dagrun for mongo_to_postgres_replication to None, run_after=None
[2026-03-09T16:40:46.318+0000] {processor.py:208} INFO - Processing /opt/airflow/dags/etl_mongo_to_postgres.py took 0.072 seconds
[2026-03-09T16:41:16.344+0000] {processor.py:186} INFO - Started process (PID=163) to work on /opt/airflow/dags/etl_mongo_to_postgres.py
[2026-03-09T16:41:16.354+0000] {processor.py:914} INFO - Processing file /opt/airflow/dags/etl_mongo_to_postgres.py for tasks to queue
[2026-03-09T16:41:16.356+0000] {logging_mixin.py:190} INFO - [2026-03-09T16:41:16.355+0000] {dagbag.py:588} INFO - Filling up the DagBag from /opt/airflow/dags/etl_mongo_to_postgres.py
[2026-03-09T16:41:16.363+0000] {processor.py:925} INFO - DAG(s) 'mongo_to_postgres_replication' retrieved from /opt/airflow/dags/etl_mongo_to_postgres.py
[2026-03-09T16:41:16.390+0000] {logging_mixin.py:190} INFO - [2026-03-09T16:41:16.390+0000] {dag.py:3239} INFO - Sync 1 DAGs
[2026-03-09T16:41:16.402+0000] {logging_mixin.py:190} INFO - [2026-03-09T16:41:16.402+0000] {dag.py:4180} INFO - Setting next_dagrun for mongo_to_postgres_replication to None, run_after=None
[2026-03-09T16:41:16.416+0000] {processor.py:208} INFO - Processing /opt/airflow/dags/etl_mongo_to_postgres.py took 0.077 seconds
[2026-03-09T16:41:47.388+0000] {processor.py:186} INFO - Started process (PID=164) to work on /opt/airflow/dags/etl_mongo_to_postgres.py
[2026-03-09T16:41:47.398+0000] {processor.py:914} INFO - Processing file /opt/airflow/dags/etl_mongo_to_postgres.py for tasks to queue
[2026-03-09T16:41:47.400+0000] {logging_mixin.py:190} INFO - [2026-03-09T16:41:47.399+0000] {dagbag.py:588} INFO - Filling up the DagBag from /opt/airflow/dags/etl_mongo_to_postgres.py
[2026-03-09T16:41:47.407+0000] {processor.py:925} INFO - DAG(s) 'mongo_to_postgres_replication' retrieved from /opt/airflow/dags/etl_mongo_to_postgres.py
[2026-03-09T16:41:47.431+0000] {logging_mixin.py:190} INFO - [2026-03-09T16:41:47.431+0000] {dag.py:3239} INFO - Sync 1 DAGs
[2026-03-09T16:41:47.442+0000] {logging_mixin.py:190} INFO - [2026-03-09T16:41:47.442+0000] {dag.py:4180} INFO - Setting next_dagrun for mongo_to_postgres_replication to None, run_after=None
[2026-03-09T16:41:47.455+0000] {processor.py:208} INFO - Processing /opt/airflow/dags/etl_mongo_to_postgres.py took 0.073 seconds
[2026-03-09T16:42:18.472+0000] {processor.py:186} INFO - Started process (PID=165) to work on /opt/airflow/dags/etl_mongo_to_postgres.py
[2026-03-09T16:42:18.473+0000] {processor.py:914} INFO - Processing file /opt/airflow/dags/etl_mongo_to_postgres.py for tasks to queue
[2026-03-09T16:42:18.475+0000] {logging_mixin.py:190} INFO - [2026-03-09T16:42:18.475+0000] {dagbag.py:588} INFO - Filling up the DagBag from /opt/airflow/dags/etl_mongo_to_postgres.py
[2026-03-09T16:42:18.482+0000] {processor.py:925} INFO - DAG(s) 'mongo_to_postgres_replication' retrieved from /opt/airflow/dags/etl_mongo_to_postgres.py
[2026-03-09T16:42:18.504+0000] {logging_mixin.py:190} INFO - [2026-03-09T16:42:18.503+0000] {dag.py:3239} INFO - Sync 1 DAGs
[2026-03-09T16:42:18.514+0000] {logging_mixin.py:190} INFO - [2026-03-09T16:42:18.514+0000] {dag.py:4180} INFO - Setting next_dagrun for mongo_to_postgres_replication to None, run_after=None
[2026-03-09T16:42:18.528+0000] {processor.py:208} INFO - Processing /opt/airflow/dags/etl_mongo_to_postgres.py took 0.062 seconds
[2026-03-09T16:42:49.510+0000] {processor.py:186} INFO - Started process (PID=166) to work on /opt/airflow/dags/etl_mongo_to_postgres.py
[2026-03-09T16:42:49.513+0000] {processor.py:914} INFO - Processing file /opt/airflow/dags/etl_mongo_to_postgres.py for tasks to queue
[2026-03-09T16:42:49.515+0000] {logging_mixin.py:190} INFO - [2026-03-09T16:42:49.514+0000] {dagbag.py:588} INFO - Filling up the DagBag from /opt/airflow/dags/etl_mongo_to_postgres.py
[2026-03-09T16:42:49.521+0000] {processor.py:925} INFO - DAG(s) 'mongo_to_postgres_replication' retrieved from /opt/airflow/dags/etl_mongo_to_postgres.py
[2026-03-09T16:42:49.543+0000] {logging_mixin.py:190} INFO - [2026-03-09T16:42:49.543+0000] {dag.py:3239} INFO - Sync 1 DAGs
[2026-03-09T16:42:49.554+0000] {logging_mixin.py:190} INFO - [2026-03-09T16:42:49.554+0000] {dag.py:4180} INFO - Setting next_dagrun for mongo_to_postgres_replication to None, run_after=None
[2026-03-09T16:42:49.566+0000] {processor.py:208} INFO - Processing /opt/airflow/dags/etl_mongo_to_postgres.py took 0.061 seconds
[2026-03-09T16:43:20.578+0000] {processor.py:186} INFO - Started process (PID=167) to work on /opt/airflow/dags/etl_mongo_to_postgres.py
[2026-03-09T16:43:20.587+0000] {processor.py:914} INFO - Processing file /opt/airflow/dags/etl_mongo_to_postgres.py for tasks to queue
[2026-03-09T16:43:20.590+0000] {logging_mixin.py:190} INFO - [2026-03-09T16:43:20.589+0000] {dagbag.py:588} INFO - Filling up the DagBag from /opt/airflow/dags/etl_mongo_to_postgres.py
[2026-03-09T16:43:20.596+0000] {processor.py:925} INFO - DAG(s) 'mongo_to_postgres_replication' retrieved from /opt/airflow/dags/etl_mongo_to_postgres.py
[2026-03-09T16:43:20.619+0000] {logging_mixin.py:190} INFO - [2026-03-09T16:43:20.619+0000] {dag.py:3239} INFO - Sync 1 DAGs
[2026-03-09T16:43:20.630+0000] {logging_mixin.py:190} INFO - [2026-03-09T16:43:20.630+0000] {dag.py:4180} INFO - Setting next_dagrun for mongo_to_postgres_replication to None, run_after=None
[2026-03-09T16:43:20.643+0000] {processor.py:208} INFO - Processing /opt/airflow/dags/etl_mongo_to_postgres.py took 0.070 seconds
[2026-03-09T16:43:50.675+0000] {processor.py:186} INFO - Started process (PID=169) to work on /opt/airflow/dags/etl_mongo_to_postgres.py
[2026-03-09T16:43:50.684+0000] {processor.py:914} INFO - Processing file /opt/airflow/dags/etl_mongo_to_postgres.py for tasks to queue
[2026-03-09T16:43:50.686+0000] {logging_mixin.py:190} INFO - [2026-03-09T16:43:50.686+0000] {dagbag.py:588} INFO - Filling up the DagBag from /opt/airflow/dags/etl_mongo_to_postgres.py
[2026-03-09T16:43:50.693+0000] {processor.py:925} INFO - DAG(s) 'mongo_to_postgres_replication' retrieved from /opt/airflow/dags/etl_mongo_to_postgres.py
[2026-03-09T16:43:50.718+0000] {logging_mixin.py:190} INFO - [2026-03-09T16:43:50.717+0000] {dag.py:3239} INFO - Sync 1 DAGs
[2026-03-09T16:43:50.728+0000] {logging_mixin.py:190} INFO - [2026-03-09T16:43:50.728+0000] {dag.py:4180} INFO - Setting next_dagrun for mongo_to_postgres_replication to None, run_after=None
[2026-03-09T16:43:50.741+0000] {processor.py:208} INFO - Processing /opt/airflow/dags/etl_mongo_to_postgres.py took 0.072 seconds
[2026-03-09T16:44:20.772+0000] {processor.py:186} INFO - Started process (PID=230) to work on /opt/airflow/dags/etl_mongo_to_postgres.py
[2026-03-09T16:44:20.781+0000] {processor.py:914} INFO - Processing file /opt/airflow/dags/etl_mongo_to_postgres.py for tasks to queue
[2026-03-09T16:44:20.783+0000] {logging_mixin.py:190} INFO - [2026-03-09T16:44:20.783+0000] {dagbag.py:588} INFO - Filling up the DagBag from /opt/airflow/dags/etl_mongo_to_postgres.py
[2026-03-09T16:44:20.792+0000] {processor.py:925} INFO - DAG(s) 'mongo_to_postgres_replication' retrieved from /opt/airflow/dags/etl_mongo_to_postgres.py
[2026-03-09T16:44:20.827+0000] {logging_mixin.py:190} INFO - [2026-03-09T16:44:20.826+0000] {dag.py:3239} INFO - Sync 1 DAGs
[2026-03-09T16:44:20.840+0000] {logging_mixin.py:190} INFO - [2026-03-09T16:44:20.840+0000] {dag.py:4180} INFO - Setting next_dagrun for mongo_to_postgres_replication to None, run_after=None
[2026-03-09T16:44:20.857+0000] {processor.py:208} INFO - Processing /opt/airflow/dags/etl_mongo_to_postgres.py took 0.090 seconds
[2026-03-09T16:44:50.903+0000] {processor.py:186} INFO - Started process (PID=233) to work on /opt/airflow/dags/etl_mongo_to_postgres.py
[2026-03-09T16:44:50.912+0000] {processor.py:914} INFO - Processing file /opt/airflow/dags/etl_mongo_to_postgres.py for tasks to queue
[2026-03-09T16:44:50.914+0000] {logging_mixin.py:190} INFO - [2026-03-09T16:44:50.914+0000] {dagbag.py:588} INFO - Filling up the DagBag from /opt/airflow/dags/etl_mongo_to_postgres.py
[2026-03-09T16:44:50.922+0000] {processor.py:925} INFO - DAG(s) 'mongo_to_postgres_replication' retrieved from /opt/airflow/dags/etl_mongo_to_postgres.py
[2026-03-09T16:44:50.952+0000] {logging_mixin.py:190} INFO - [2026-03-09T16:44:50.952+0000] {dag.py:3239} INFO - Sync 1 DAGs
[2026-03-09T16:44:50.966+0000] {logging_mixin.py:190} INFO - [2026-03-09T16:44:50.965+0000] {dag.py:4180} INFO - Setting next_dagrun for mongo_to_postgres_replication to None, run_after=None
[2026-03-09T16:44:50.981+0000] {processor.py:208} INFO - Processing /opt/airflow/dags/etl_mongo_to_postgres.py took 0.085 seconds
[2026-03-09T16:45:21.015+0000] {processor.py:186} INFO - Started process (PID=255) to work on /opt/airflow/dags/etl_mongo_to_postgres.py
[2026-03-09T16:45:21.016+0000] {processor.py:914} INFO - Processing file /opt/airflow/dags/etl_mongo_to_postgres.py for tasks to queue
[2026-03-09T16:45:21.018+0000] {logging_mixin.py:190} INFO - [2026-03-09T16:45:21.018+0000] {dagbag.py:588} INFO - Filling up the DagBag from /opt/airflow/dags/etl_mongo_to_postgres.py
[2026-03-09T16:45:21.027+0000] {processor.py:925} INFO - DAG(s) 'mongo_to_postgres_replication' retrieved from /opt/airflow/dags/etl_mongo_to_postgres.py
[2026-03-09T16:45:21.055+0000] {logging_mixin.py:190} INFO - [2026-03-09T16:45:21.055+0000] {dag.py:3239} INFO - Sync 1 DAGs
[2026-03-09T16:45:21.068+0000] {logging_mixin.py:190} INFO - [2026-03-09T16:45:21.067+0000] {dag.py:4180} INFO - Setting next_dagrun for mongo_to_postgres_replication to None, run_after=None
[2026-03-09T16:45:21.083+0000] {processor.py:208} INFO - Processing /opt/airflow/dags/etl_mongo_to_postgres.py took 0.074 seconds
[2026-03-09T16:45:51.139+0000] {processor.py:186} INFO - Started process (PID=278) to work on /opt/airflow/dags/etl_mongo_to_postgres.py
[2026-03-09T16:45:51.147+0000] {processor.py:914} INFO - Processing file /opt/airflow/dags/etl_mongo_to_postgres.py for tasks to queue
[2026-03-09T16:45:51.150+0000] {logging_mixin.py:190} INFO - [2026-03-09T16:45:51.150+0000] {dagbag.py:588} INFO - Filling up the DagBag from /opt/airflow/dags/etl_mongo_to_postgres.py
[2026-03-09T16:45:51.158+0000] {processor.py:925} INFO - DAG(s) 'mongo_to_postgres_replication' retrieved from /opt/airflow/dags/etl_mongo_to_postgres.py
[2026-03-09T16:45:51.187+0000] {logging_mixin.py:190} INFO - [2026-03-09T16:45:51.187+0000] {dag.py:3239} INFO - Sync 1 DAGs
[2026-03-09T16:45:51.200+0000] {logging_mixin.py:190} INFO - [2026-03-09T16:45:51.200+0000] {dag.py:4180} INFO - Setting next_dagrun for mongo_to_postgres_replication to None, run_after=None
[2026-03-09T16:45:51.215+0000] {processor.py:208} INFO - Processing /opt/airflow/dags/etl_mongo_to_postgres.py took 0.082 seconds
[2026-03-09T16:46:21.267+0000] {processor.py:186} INFO - Started process (PID=301) to work on /opt/airflow/dags/etl_mongo_to_postgres.py
[2026-03-09T16:46:21.268+0000] {processor.py:914} INFO - Processing file /opt/airflow/dags/etl_mongo_to_postgres.py for tasks to queue
[2026-03-09T16:46:21.271+0000] {logging_mixin.py:190} INFO - [2026-03-09T16:46:21.270+0000] {dagbag.py:588} INFO - Filling up the DagBag from /opt/airflow/dags/etl_mongo_to_postgres.py
[2026-03-09T16:46:21.279+0000] {processor.py:925} INFO - DAG(s) 'mongo_to_postgres_replication' retrieved from /opt/airflow/dags/etl_mongo_to_postgres.py
[2026-03-09T16:46:21.307+0000] {logging_mixin.py:190} INFO - [2026-03-09T16:46:21.307+0000] {dag.py:3239} INFO - Sync 1 DAGs
[2026-03-09T16:46:21.321+0000] {logging_mixin.py:190} INFO - [2026-03-09T16:46:21.321+0000] {dag.py:4180} INFO - Setting next_dagrun for mongo_to_postgres_replication to None, run_after=None
[2026-03-09T16:46:21.337+0000] {processor.py:208} INFO - Processing /opt/airflow/dags/etl_mongo_to_postgres.py took 0.077 seconds
[2026-03-09T16:46:51.373+0000] {processor.py:186} INFO - Started process (PID=324) to work on /opt/airflow/dags/etl_mongo_to_postgres.py
[2026-03-09T16:46:51.375+0000] {processor.py:914} INFO - Processing file /opt/airflow/dags/etl_mongo_to_postgres.py for tasks to queue
[2026-03-09T16:46:51.377+0000] {logging_mixin.py:190} INFO - [2026-03-09T16:46:51.376+0000] {dagbag.py:588} INFO - Filling up the DagBag from /opt/airflow/dags/etl_mongo_to_postgres.py
[2026-03-09T16:46:51.385+0000] {processor.py:925} INFO - DAG(s) 'mongo_to_postgres_replication' retrieved from /opt/airflow/dags/etl_mongo_to_postgres.py
[2026-03-09T16:46:51.416+0000] {logging_mixin.py:190} INFO - [2026-03-09T16:46:51.416+0000] {dag.py:3239} INFO - Sync 1 DAGs
[2026-03-09T16:46:51.428+0000] {logging_mixin.py:190} INFO - [2026-03-09T16:46:51.428+0000] {dag.py:4180} INFO - Setting next_dagrun for mongo_to_postgres_replication to None, run_after=None
[2026-03-09T16:46:51.443+0000] {processor.py:208} INFO - Processing /opt/airflow/dags/etl_mongo_to_postgres.py took 0.076 seconds
[2026-03-09T16:47:21.540+0000] {processor.py:186} INFO - Started process (PID=326) to work on /opt/airflow/dags/etl_mongo_to_postgres.py
[2026-03-09T16:47:21.541+0000] {processor.py:914} INFO - Processing file /opt/airflow/dags/etl_mongo_to_postgres.py for tasks to queue
[2026-03-09T16:47:21.543+0000] {logging_mixin.py:190} INFO - [2026-03-09T16:47:21.543+0000] {dagbag.py:588} INFO - Filling up the DagBag from /opt/airflow/dags/etl_mongo_to_postgres.py
[2026-03-09T16:47:21.550+0000] {processor.py:925} INFO - DAG(s) 'mongo_to_postgres_replication' retrieved from /opt/airflow/dags/etl_mongo_to_postgres.py
[2026-03-09T16:47:21.581+0000] {logging_mixin.py:190} INFO - [2026-03-09T16:47:21.581+0000] {dag.py:3239} INFO - Sync 1 DAGs
[2026-03-09T16:47:21.593+0000] {logging_mixin.py:190} INFO - [2026-03-09T16:47:21.593+0000] {dag.py:4180} INFO - Setting next_dagrun for mongo_to_postgres_replication to None, run_after=None
[2026-03-09T16:47:21.608+0000] {processor.py:208} INFO - Processing /opt/airflow/dags/etl_mongo_to_postgres.py took 0.074 seconds
[2026-03-09T16:47:52.607+0000] {processor.py:186} INFO - Started process (PID=329) to work on /opt/airflow/dags/etl_mongo_to_postgres.py
[2026-03-09T16:47:52.616+0000] {processor.py:914} INFO - Processing file /opt/airflow/dags/etl_mongo_to_postgres.py for tasks to queue
[2026-03-09T16:47:52.619+0000] {logging_mixin.py:190} INFO - [2026-03-09T16:47:52.619+0000] {dagbag.py:588} INFO - Filling up the DagBag from /opt/airflow/dags/etl_mongo_to_postgres.py
[2026-03-09T16:47:52.627+0000] {processor.py:925} INFO - DAG(s) 'mongo_to_postgres_replication' retrieved from /opt/airflow/dags/etl_mongo_to_postgres.py
[2026-03-09T16:47:52.661+0000] {logging_mixin.py:190} INFO - [2026-03-09T16:47:52.661+0000] {dag.py:3239} INFO - Sync 1 DAGs
[2026-03-09T16:47:52.674+0000] {logging_mixin.py:190} INFO - [2026-03-09T16:47:52.674+0000] {dag.py:4180} INFO - Setting next_dagrun for mongo_to_postgres_replication to None, run_after=None
[2026-03-09T16:47:52.688+0000] {processor.py:208} INFO - Processing /opt/airflow/dags/etl_mongo_to_postgres.py took 0.088 seconds
[2026-03-09T16:48:22.756+0000] {processor.py:186} INFO - Started process (PID=387) to work on /opt/airflow/dags/etl_mongo_to_postgres.py
[2026-03-09T16:48:22.765+0000] {processor.py:914} INFO - Processing file /opt/airflow/dags/etl_mongo_to_postgres.py for tasks to queue
[2026-03-09T16:48:22.767+0000] {logging_mixin.py:190} INFO - [2026-03-09T16:48:22.767+0000] {dagbag.py:588} INFO - Filling up the DagBag from /opt/airflow/dags/etl_mongo_to_postgres.py
[2026-03-09T16:48:22.773+0000] {processor.py:925} INFO - DAG(s) 'mongo_to_postgres_replication' retrieved from /opt/airflow/dags/etl_mongo_to_postgres.py
[2026-03-09T16:48:22.802+0000] {logging_mixin.py:190} INFO - [2026-03-09T16:48:22.802+0000] {dag.py:3239} INFO - Sync 1 DAGs
[2026-03-09T16:48:22.813+0000] {logging_mixin.py:190} INFO - [2026-03-09T16:48:22.813+0000] {dag.py:4180} INFO - Setting next_dagrun for mongo_to_postgres_replication to None, run_after=None
[2026-03-09T16:48:22.825+0000] {processor.py:208} INFO - Processing /opt/airflow/dags/etl_mongo_to_postgres.py took 0.075 seconds
[2026-03-09T16:48:52.856+0000] {processor.py:186} INFO - Started process (PID=389) to work on /opt/airflow/dags/etl_mongo_to_postgres.py
[2026-03-09T16:48:52.857+0000] {processor.py:914} INFO - Processing file /opt/airflow/dags/etl_mongo_to_postgres.py for tasks to queue
[2026-03-09T16:48:52.860+0000] {logging_mixin.py:190} INFO - [2026-03-09T16:48:52.859+0000] {dagbag.py:588} INFO - Filling up the DagBag from /opt/airflow/dags/etl_mongo_to_postgres.py
[2026-03-09T16:48:52.876+0000] {processor.py:925} INFO - DAG(s) 'mongo_to_postgres_replication' retrieved from /opt/airflow/dags/etl_mongo_to_postgres.py
[2026-03-09T16:48:52.906+0000] {logging_mixin.py:190} INFO - [2026-03-09T16:48:52.906+0000] {dag.py:3239} INFO - Sync 1 DAGs
[2026-03-09T16:48:52.919+0000] {logging_mixin.py:190} INFO - [2026-03-09T16:48:52.919+0000] {dag.py:4180} INFO - Setting next_dagrun for mongo_to_postgres_replication to None, run_after=None
[2026-03-09T16:48:52.933+0000] {processor.py:208} INFO - Processing /opt/airflow/dags/etl_mongo_to_postgres.py took 0.082 seconds
[2026-03-09T16:49:23.053+0000] {processor.py:186} INFO - Started process (PID=448) to work on /opt/airflow/dags/etl_mongo_to_postgres.py
[2026-03-09T16:49:23.063+0000] {processor.py:914} INFO - Processing file /opt/airflow/dags/etl_mongo_to_postgres.py for tasks to queue
[2026-03-09T16:49:23.065+0000] {logging_mixin.py:190} INFO - [2026-03-09T16:49:23.065+0000] {dagbag.py:588} INFO - Filling up the DagBag from /opt/airflow/dags/etl_mongo_to_postgres.py
[2026-03-09T16:49:23.072+0000] {processor.py:925} INFO - DAG(s) 'mongo_to_postgres_replication' retrieved from /opt/airflow/dags/etl_mongo_to_postgres.py
[2026-03-09T16:49:23.097+0000] {logging_mixin.py:190} INFO - [2026-03-09T16:49:23.096+0000] {dag.py:3239} INFO - Sync 1 DAGs
[2026-03-09T16:49:23.110+0000] {logging_mixin.py:190} INFO - [2026-03-09T16:49:23.109+0000] {dag.py:4180} INFO - Setting next_dagrun for mongo_to_postgres_replication to None, run_after=None
[2026-03-09T16:49:23.125+0000] {processor.py:208} INFO - Processing /opt/airflow/dags/etl_mongo_to_postgres.py took 0.077 seconds
[2026-03-09T16:49:53.195+0000] {processor.py:186} INFO - Started process (PID=450) to work on /opt/airflow/dags/etl_mongo_to_postgres.py
[2026-03-09T16:49:53.205+0000] {processor.py:914} INFO - Processing file /opt/airflow/dags/etl_mongo_to_postgres.py for tasks to queue
[2026-03-09T16:49:53.207+0000] {logging_mixin.py:190} INFO - [2026-03-09T16:49:53.207+0000] {dagbag.py:588} INFO - Filling up the DagBag from /opt/airflow/dags/etl_mongo_to_postgres.py
[2026-03-09T16:49:53.214+0000] {processor.py:925} INFO - DAG(s) 'mongo_to_postgres_replication' retrieved from /opt/airflow/dags/etl_mongo_to_postgres.py
[2026-03-09T16:49:53.238+0000] {logging_mixin.py:190} INFO - [2026-03-09T16:49:53.238+0000] {dag.py:3239} INFO - Sync 1 DAGs
[2026-03-09T16:49:53.248+0000] {logging_mixin.py:190} INFO - [2026-03-09T16:49:53.248+0000] {dag.py:4180} INFO - Setting next_dagrun for mongo_to_postgres_replication to None, run_after=None
[2026-03-09T16:49:53.261+0000] {processor.py:208} INFO - Processing /opt/airflow/dags/etl_mongo_to_postgres.py took 0.071 seconds
[2026-03-09T16:50:23.292+0000] {processor.py:186} INFO - Started process (PID=473) to work on /opt/airflow/dags/etl_mongo_to_postgres.py
[2026-03-09T16:50:23.301+0000] {processor.py:914} INFO - Processing file /opt/airflow/dags/etl_mongo_to_postgres.py for tasks to queue
[2026-03-09T16:50:23.304+0000] {logging_mixin.py:190} INFO - [2026-03-09T16:50:23.303+0000] {dagbag.py:588} INFO - Filling up the DagBag from /opt/airflow/dags/etl_mongo_to_postgres.py
[2026-03-09T16:50:23.312+0000] {processor.py:925} INFO - DAG(s) 'mongo_to_postgres_replication' retrieved from /opt/airflow/dags/etl_mongo_to_postgres.py
[2026-03-09T16:50:23.340+0000] {logging_mixin.py:190} INFO - [2026-03-09T16:50:23.339+0000] {dag.py:3239} INFO - Sync 1 DAGs
[2026-03-09T16:50:23.352+0000] {logging_mixin.py:190} INFO - [2026-03-09T16:50:23.352+0000] {dag.py:4180} INFO - Setting next_dagrun for mongo_to_postgres_replication to None, run_after=None
[2026-03-09T16:50:23.367+0000] {processor.py:208} INFO - Processing /opt/airflow/dags/etl_mongo_to_postgres.py took 0.081 seconds
[2026-03-09T16:50:53.405+0000] {processor.py:186} INFO - Started process (PID=496) to work on /opt/airflow/dags/etl_mongo_to_postgres.py
[2026-03-09T16:50:53.415+0000] {processor.py:914} INFO - Processing file /opt/airflow/dags/etl_mongo_to_postgres.py for tasks to queue
[2026-03-09T16:50:53.417+0000] {logging_mixin.py:190} INFO - [2026-03-09T16:50:53.417+0000] {dagbag.py:588} INFO - Filling up the DagBag from /opt/airflow/dags/etl_mongo_to_postgres.py
[2026-03-09T16:50:53.425+0000] {processor.py:925} INFO - DAG(s) 'mongo_to_postgres_replication' retrieved from /opt/airflow/dags/etl_mongo_to_postgres.py
[2026-03-09T16:50:53.454+0000] {logging_mixin.py:190} INFO - [2026-03-09T16:50:53.454+0000] {dag.py:3239} INFO - Sync 1 DAGs
[2026-03-09T16:50:53.468+0000] {logging_mixin.py:190} INFO - [2026-03-09T16:50:53.468+0000] {dag.py:4180} INFO - Setting next_dagrun for mongo_to_postgres_replication to None, run_after=None
[2026-03-09T16:50:53.485+0000] {processor.py:208} INFO - Processing /opt/airflow/dags/etl_mongo_to_postgres.py took 0.085 seconds
[2026-03-09T16:51:23.570+0000] {processor.py:186} INFO - Started process (PID=519) to work on /opt/airflow/dags/etl_mongo_to_postgres.py
[2026-03-09T16:51:23.572+0000] {processor.py:914} INFO - Processing file /opt/airflow/dags/etl_mongo_to_postgres.py for tasks to queue
[2026-03-09T16:51:23.574+0000] {logging_mixin.py:190} INFO - [2026-03-09T16:51:23.573+0000] {dagbag.py:588} INFO - Filling up the DagBag from /opt/airflow/dags/etl_mongo_to_postgres.py
[2026-03-09T16:51:23.581+0000] {processor.py:925} INFO - DAG(s) 'mongo_to_postgres_replication' retrieved from /opt/airflow/dags/etl_mongo_to_postgres.py
[2026-03-09T16:51:23.609+0000] {logging_mixin.py:190} INFO - [2026-03-09T16:51:23.609+0000] {dag.py:3239} INFO - Sync 1 DAGs
[2026-03-09T16:51:23.623+0000] {logging_mixin.py:190} INFO - [2026-03-09T16:51:23.622+0000] {dag.py:4180} INFO - Setting next_dagrun for mongo_to_postgres_replication to None, run_after=None
[2026-03-09T16:51:23.637+0000] {processor.py:208} INFO - Processing /opt/airflow/dags/etl_mongo_to_postgres.py took 0.072 seconds
[2026-03-09T16:51:53.693+0000] {processor.py:186} INFO - Started process (PID=542) to work on /opt/airflow/dags/etl_mongo_to_postgres.py
[2026-03-09T16:51:53.695+0000] {processor.py:914} INFO - Processing file /opt/airflow/dags/etl_mongo_to_postgres.py for tasks to queue
[2026-03-09T16:51:53.697+0000] {logging_mixin.py:190} INFO - [2026-03-09T16:51:53.696+0000] {dagbag.py:588} INFO - Filling up the DagBag from /opt/airflow/dags/etl_mongo_to_postgres.py
[2026-03-09T16:51:53.703+0000] {processor.py:925} INFO - DAG(s) 'mongo_to_postgres_replication' retrieved from /opt/airflow/dags/etl_mongo_to_postgres.py
[2026-03-09T16:51:53.731+0000] {logging_mixin.py:190} INFO - [2026-03-09T16:51:53.731+0000] {dag.py:3239} INFO - Sync 1 DAGs
[2026-03-09T16:51:53.744+0000] {logging_mixin.py:190} INFO - [2026-03-09T16:51:53.744+0000] {dag.py:4180} INFO - Setting next_dagrun for mongo_to_postgres_replication to None, run_after=None
[2026-03-09T16:51:53.758+0000] {processor.py:208} INFO - Processing /opt/airflow/dags/etl_mongo_to_postgres.py took 0.070 seconds
[2026-03-09T16:52:23.834+0000] {processor.py:186} INFO - Started process (PID=565) to work on /opt/airflow/dags/etl_mongo_to_postgres.py
[2026-03-09T16:52:23.839+0000] {processor.py:914} INFO - Processing file /opt/airflow/dags/etl_mongo_to_postgres.py for tasks to queue
[2026-03-09T16:52:23.841+0000] {logging_mixin.py:190} INFO - [2026-03-09T16:52:23.840+0000] {dagbag.py:588} INFO - Filling up the DagBag from /opt/airflow/dags/etl_mongo_to_postgres.py
[2026-03-09T16:52:23.848+0000] {processor.py:925} INFO - DAG(s) 'mongo_to_postgres_replication' retrieved from /opt/airflow/dags/etl_mongo_to_postgres.py
[2026-03-09T16:52:23.876+0000] {logging_mixin.py:190} INFO - [2026-03-09T16:52:23.875+0000] {dag.py:3239} INFO - Sync 1 DAGs
[2026-03-09T16:52:23.888+0000] {logging_mixin.py:190} INFO - [2026-03-09T16:52:23.888+0000] {dag.py:4180} INFO - Setting next_dagrun for mongo_to_postgres_replication to None, run_after=None
[2026-03-09T16:52:23.903+0000] {processor.py:208} INFO - Processing /opt/airflow/dags/etl_mongo_to_postgres.py took 0.075 seconds
[2026-03-09T16:52:53.979+0000] {processor.py:186} INFO - Started process (PID=567) to work on /opt/airflow/dags/etl_mongo_to_postgres.py
[2026-03-09T16:52:53.980+0000] {processor.py:914} INFO - Processing file /opt/airflow/dags/etl_mongo_to_postgres.py for tasks to queue
[2026-03-09T16:52:53.982+0000] {logging_mixin.py:190} INFO - [2026-03-09T16:52:53.982+0000] {dagbag.py:588} INFO - Filling up the DagBag from /opt/airflow/dags/etl_mongo_to_postgres.py
[2026-03-09T16:52:53.989+0000] {processor.py:925} INFO - DAG(s) 'mongo_to_postgres_replication' retrieved from /opt/airflow/dags/etl_mongo_to_postgres.py
[2026-03-09T16:52:54.018+0000] {logging_mixin.py:190} INFO - [2026-03-09T16:52:54.018+0000] {dag.py:3239} INFO - Sync 1 DAGs
[2026-03-09T16:52:54.032+0000] {logging_mixin.py:190} INFO - [2026-03-09T16:52:54.032+0000] {dag.py:4180} INFO - Setting next_dagrun for mongo_to_postgres_replication to None, run_after=None
[2026-03-09T16:52:54.048+0000] {processor.py:208} INFO - Processing /opt/airflow/dags/etl_mongo_to_postgres.py took 0.076 seconds
[2026-03-09T16:53:24.096+0000] {processor.py:186} INFO - Started process (PID=569) to work on /opt/airflow/dags/etl_mongo_to_postgres.py
[2026-03-09T16:53:24.105+0000] {processor.py:914} INFO - Processing file /opt/airflow/dags/etl_mongo_to_postgres.py for tasks to queue
[2026-03-09T16:53:24.107+0000] {logging_mixin.py:190} INFO - [2026-03-09T16:53:24.106+0000] {dagbag.py:588} INFO - Filling up the DagBag from /opt/airflow/dags/etl_mongo_to_postgres.py
[2026-03-09T16:53:24.114+0000] {processor.py:925} INFO - DAG(s) 'mongo_to_postgres_replication' retrieved from /opt/airflow/dags/etl_mongo_to_postgres.py
[2026-03-09T16:53:24.140+0000] {logging_mixin.py:190} INFO - [2026-03-09T16:53:24.140+0000] {dag.py:3239} INFO - Sync 1 DAGs
[2026-03-09T16:53:24.153+0000] {logging_mixin.py:190} INFO - [2026-03-09T16:53:24.152+0000] {dag.py:4180} INFO - Setting next_dagrun for mongo_to_postgres_replication to None, run_after=None
[2026-03-09T16:53:24.170+0000] {processor.py:208} INFO - Processing /opt/airflow/dags/etl_mongo_to_postgres.py took 0.080 seconds
[2026-03-09T16:53:54.804+0000] {processor.py:186} INFO - Started process (PID=571) to work on /opt/airflow/dags/etl_mongo_to_postgres.py
[2026-03-09T16:53:54.814+0000] {processor.py:914} INFO - Processing file /opt/airflow/dags/etl_mongo_to_postgres.py for tasks to queue
[2026-03-09T16:53:54.816+0000] {logging_mixin.py:190} INFO - [2026-03-09T16:53:54.816+0000] {dagbag.py:588} INFO - Filling up the DagBag from /opt/airflow/dags/etl_mongo_to_postgres.py
[2026-03-09T16:53:54.826+0000] {processor.py:925} INFO - DAG(s) 'mongo_to_postgres_replication' retrieved from /opt/airflow/dags/etl_mongo_to_postgres.py
[2026-03-09T16:53:54.854+0000] {logging_mixin.py:190} INFO - [2026-03-09T16:53:54.854+0000] {dag.py:3239} INFO - Sync 1 DAGs
[2026-03-09T16:53:54.868+0000] {logging_mixin.py:190} INFO - [2026-03-09T16:53:54.867+0000] {dag.py:4180} INFO - Setting next_dagrun for mongo_to_postgres_replication to None, run_after=None
[2026-03-09T16:53:54.883+0000] {processor.py:208} INFO - Processing /opt/airflow/dags/etl_mongo_to_postgres.py took 0.084 seconds
[2026-03-09T16:54:25.632+0000] {processor.py:186} INFO - Started process (PID=573) to work on /opt/airflow/dags/etl_mongo_to_postgres.py
[2026-03-09T16:54:25.642+0000] {processor.py:914} INFO - Processing file /opt/airflow/dags/etl_mongo_to_postgres.py for tasks to queue
[2026-03-09T16:54:25.644+0000] {logging_mixin.py:190} INFO - [2026-03-09T16:54:25.644+0000] {dagbag.py:588} INFO - Filling up the DagBag from /opt/airflow/dags/etl_mongo_to_postgres.py
[2026-03-09T16:54:25.651+0000] {processor.py:925} INFO - DAG(s) 'mongo_to_postgres_replication' retrieved from /opt/airflow/dags/etl_mongo_to_postgres.py
[2026-03-09T16:54:25.675+0000] {logging_mixin.py:190} INFO - [2026-03-09T16:54:25.675+0000] {dag.py:3239} INFO - Sync 1 DAGs
[2026-03-09T16:54:25.685+0000] {logging_mixin.py:190} INFO - [2026-03-09T16:54:25.685+0000] {dag.py:4180} INFO - Setting next_dagrun for mongo_to_postgres_replication to None, run_after=None
[2026-03-09T16:54:25.699+0000] {processor.py:208} INFO - Processing /opt/airflow/dags/etl_mongo_to_postgres.py took 0.072 seconds
[2026-03-09T16:54:56.446+0000] {processor.py:186} INFO - Started process (PID=575) to work on /opt/airflow/dags/etl_mongo_to_postgres.py
[2026-03-09T16:54:56.447+0000] {processor.py:914} INFO - Processing file /opt/airflow/dags/etl_mongo_to_postgres.py for tasks to queue
[2026-03-09T16:54:56.449+0000] {logging_mixin.py:190} INFO - [2026-03-09T16:54:56.449+0000] {dagbag.py:588} INFO - Filling up the DagBag from /opt/airflow/dags/etl_mongo_to_postgres.py
[2026-03-09T16:54:56.455+0000] {processor.py:925} INFO - DAG(s) 'mongo_to_postgres_replication' retrieved from /opt/airflow/dags/etl_mongo_to_postgres.py
[2026-03-09T16:54:56.481+0000] {logging_mixin.py:190} INFO - [2026-03-09T16:54:56.480+0000] {dag.py:3239} INFO - Sync 1 DAGs
[2026-03-09T16:54:56.491+0000] {logging_mixin.py:190} INFO - [2026-03-09T16:54:56.491+0000] {dag.py:4180} INFO - Setting next_dagrun for mongo_to_postgres_replication to None, run_after=None
[2026-03-09T16:54:56.504+0000] {processor.py:208} INFO - Processing /opt/airflow/dags/etl_mongo_to_postgres.py took 0.063 seconds
[2026-03-09T16:55:27.188+0000] {processor.py:186} INFO - Started process (PID=577) to work on /opt/airflow/dags/etl_mongo_to_postgres.py
[2026-03-09T16:55:27.198+0000] {processor.py:914} INFO - Processing file /opt/airflow/dags/etl_mongo_to_postgres.py for tasks to queue
[2026-03-09T16:55:27.200+0000] {logging_mixin.py:190} INFO - [2026-03-09T16:55:27.200+0000] {dagbag.py:588} INFO - Filling up the DagBag from /opt/airflow/dags/etl_mongo_to_postgres.py
[2026-03-09T16:55:27.207+0000] {processor.py:925} INFO - DAG(s) 'mongo_to_postgres_replication' retrieved from /opt/airflow/dags/etl_mongo_to_postgres.py
[2026-03-09T16:55:27.234+0000] {logging_mixin.py:190} INFO - [2026-03-09T16:55:27.234+0000] {dag.py:3239} INFO - Sync 1 DAGs
[2026-03-09T16:55:27.245+0000] {logging_mixin.py:190} INFO - [2026-03-09T16:55:27.244+0000] {dag.py:4180} INFO - Setting next_dagrun for mongo_to_postgres_replication to None, run_after=None
[2026-03-09T16:55:27.257+0000] {processor.py:208} INFO - Processing /opt/airflow/dags/etl_mongo_to_postgres.py took 0.075 seconds
[2026-03-09T16:55:57.986+0000] {processor.py:186} INFO - Started process (PID=600) to work on /opt/airflow/dags/etl_mongo_to_postgres.py
[2026-03-09T16:55:57.996+0000] {processor.py:914} INFO - Processing file /opt/airflow/dags/etl_mongo_to_postgres.py for tasks to queue
[2026-03-09T16:55:57.998+0000] {logging_mixin.py:190} INFO - [2026-03-09T16:55:57.998+0000] {dagbag.py:588} INFO - Filling up the DagBag from /opt/airflow/dags/etl_mongo_to_postgres.py
[2026-03-09T16:55:58.005+0000] {processor.py:925} INFO - DAG(s) 'mongo_to_postgres_replication' retrieved from /opt/airflow/dags/etl_mongo_to_postgres.py
[2026-03-09T16:55:58.033+0000] {logging_mixin.py:190} INFO - [2026-03-09T16:55:58.032+0000] {dag.py:3239} INFO - Sync 1 DAGs
[2026-03-09T16:55:58.045+0000] {logging_mixin.py:190} INFO - [2026-03-09T16:55:58.045+0000] {dag.py:4180} INFO - Setting next_dagrun for mongo_to_postgres_replication to None, run_after=None
[2026-03-09T16:55:58.059+0000] {processor.py:208} INFO - Processing /opt/airflow/dags/etl_mongo_to_postgres.py took 0.078 seconds
[2026-03-09T16:56:28.739+0000] {processor.py:186} INFO - Started process (PID=623) to work on /opt/airflow/dags/etl_mongo_to_postgres.py
[2026-03-09T16:56:28.740+0000] {processor.py:914} INFO - Processing file /opt/airflow/dags/etl_mongo_to_postgres.py for tasks to queue
[2026-03-09T16:56:28.743+0000] {logging_mixin.py:190} INFO - [2026-03-09T16:56:28.742+0000] {dagbag.py:588} INFO - Filling up the DagBag from /opt/airflow/dags/etl_mongo_to_postgres.py
[2026-03-09T16:56:28.750+0000] {processor.py:925} INFO - DAG(s) 'mongo_to_postgres_replication' retrieved from /opt/airflow/dags/etl_mongo_to_postgres.py
[2026-03-09T16:56:28.776+0000] {logging_mixin.py:190} INFO - [2026-03-09T16:56:28.776+0000] {dag.py:3239} INFO - Sync 1 DAGs
[2026-03-09T16:56:28.787+0000] {logging_mixin.py:190} INFO - [2026-03-09T16:56:28.787+0000] {dag.py:4180} INFO - Setting next_dagrun for mongo_to_postgres_replication to None, run_after=None
[2026-03-09T16:56:28.801+0000] {processor.py:208} INFO - Processing /opt/airflow/dags/etl_mongo_to_postgres.py took 0.068 seconds
[2026-03-09T16:56:59.505+0000] {processor.py:186} INFO - Started process (PID=646) to work on /opt/airflow/dags/etl_mongo_to_postgres.py
[2026-03-09T16:56:59.506+0000] {processor.py:914} INFO - Processing file /opt/airflow/dags/etl_mongo_to_postgres.py for tasks to queue
[2026-03-09T16:56:59.508+0000] {logging_mixin.py:190} INFO - [2026-03-09T16:56:59.508+0000] {dagbag.py:588} INFO - Filling up the DagBag from /opt/airflow/dags/etl_mongo_to_postgres.py
[2026-03-09T16:56:59.516+0000] {processor.py:925} INFO - DAG(s) 'mongo_to_postgres_replication' retrieved from /opt/airflow/dags/etl_mongo_to_postgres.py
[2026-03-09T16:56:59.541+0000] {logging_mixin.py:190} INFO - [2026-03-09T16:56:59.541+0000] {dag.py:3239} INFO - Sync 1 DAGs
[2026-03-09T16:56:59.553+0000] {logging_mixin.py:190} INFO - [2026-03-09T16:56:59.553+0000] {dag.py:4180} INFO - Setting next_dagrun for mongo_to_postgres_replication to None, run_after=None
[2026-03-09T16:56:59.567+0000] {processor.py:208} INFO - Processing /opt/airflow/dags/etl_mongo_to_postgres.py took 0.068 seconds
[2026-03-09T16:57:30.252+0000] {processor.py:186} INFO - Started process (PID=669) to work on /opt/airflow/dags/etl_mongo_to_postgres.py
[2026-03-09T16:57:30.261+0000] {processor.py:914} INFO - Processing file /opt/airflow/dags/etl_mongo_to_postgres.py for tasks to queue
[2026-03-09T16:57:30.263+0000] {logging_mixin.py:190} INFO - [2026-03-09T16:57:30.263+0000] {dagbag.py:588} INFO - Filling up the DagBag from /opt/airflow/dags/etl_mongo_to_postgres.py
[2026-03-09T16:57:30.270+0000] {processor.py:925} INFO - DAG(s) 'mongo_to_postgres_replication' retrieved from /opt/airflow/dags/etl_mongo_to_postgres.py
[2026-03-09T16:57:30.295+0000] {logging_mixin.py:190} INFO - [2026-03-09T16:57:30.295+0000] {dag.py:3239} INFO - Sync 1 DAGs
[2026-03-09T16:57:30.307+0000] {logging_mixin.py:190} INFO - [2026-03-09T16:57:30.307+0000] {dag.py:4180} INFO - Setting next_dagrun for mongo_to_postgres_replication to None, run_after=None
[2026-03-09T16:57:30.320+0000] {processor.py:208} INFO - Processing /opt/airflow/dags/etl_mongo_to_postgres.py took 0.074 seconds
[2026-03-09T16:58:00.963+0000] {processor.py:186} INFO - Started process (PID=692) to work on /opt/airflow/dags/etl_mongo_to_postgres.py
[2026-03-09T16:58:00.964+0000] {processor.py:914} INFO - Processing file /opt/airflow/dags/etl_mongo_to_postgres.py for tasks to queue
[2026-03-09T16:58:00.966+0000] {logging_mixin.py:190} INFO - [2026-03-09T16:58:00.966+0000] {dagbag.py:588} INFO - Filling up the DagBag from /opt/airflow/dags/etl_mongo_to_postgres.py
[2026-03-09T16:58:00.973+0000] {processor.py:925} INFO - DAG(s) 'mongo_to_postgres_replication' retrieved from /opt/airflow/dags/etl_mongo_to_postgres.py
[2026-03-09T16:58:01.000+0000] {logging_mixin.py:190} INFO - [2026-03-09T16:58:01.000+0000] {dag.py:3239} INFO - Sync 1 DAGs
[2026-03-09T16:58:01.012+0000] {logging_mixin.py:190} INFO - [2026-03-09T16:58:01.012+0000] {dag.py:4180} INFO - Setting next_dagrun for mongo_to_postgres_replication to None, run_after=None
[2026-03-09T16:58:01.027+0000] {processor.py:208} INFO - Processing /opt/airflow/dags/etl_mongo_to_postgres.py took 0.070 seconds
[2026-03-09T16:58:31.729+0000] {processor.py:186} INFO - Started process (PID=715) to work on /opt/airflow/dags/etl_mongo_to_postgres.py
[2026-03-09T16:58:31.730+0000] {processor.py:914} INFO - Processing file /opt/airflow/dags/etl_mongo_to_postgres.py for tasks to queue
[2026-03-09T16:58:31.732+0000] {logging_mixin.py:190} INFO - [2026-03-09T16:58:31.732+0000] {dagbag.py:588} INFO - Filling up the DagBag from /opt/airflow/dags/etl_mongo_to_postgres.py
[2026-03-09T16:58:31.740+0000] {processor.py:925} INFO - DAG(s) 'mongo_to_postgres_replication' retrieved from /opt/airflow/dags/etl_mongo_to_postgres.py
[2026-03-09T16:58:31.769+0000] {logging_mixin.py:190} INFO - [2026-03-09T16:58:31.768+0000] {dag.py:3239} INFO - Sync 1 DAGs
[2026-03-09T16:58:31.780+0000] {logging_mixin.py:190} INFO - [2026-03-09T16:58:31.780+0000] {dag.py:4180} INFO - Setting next_dagrun for mongo_to_postgres_replication to None, run_after=None
[2026-03-09T16:58:31.794+0000] {processor.py:208} INFO - Processing /opt/airflow/dags/etl_mongo_to_postgres.py took 0.072 seconds
[2026-03-09T16:59:02.616+0000] {processor.py:186} INFO - Started process (PID=738) to work on /opt/airflow/dags/etl_mongo_to_postgres.py
[2026-03-09T16:59:02.617+0000] {processor.py:914} INFO - Processing file /opt/airflow/dags/etl_mongo_to_postgres.py for tasks to queue
[2026-03-09T16:59:02.621+0000] {logging_mixin.py:190} INFO - [2026-03-09T16:59:02.621+0000] {dagbag.py:588} INFO - Filling up the DagBag from /opt/airflow/dags/etl_mongo_to_postgres.py
[2026-03-09T16:59:02.635+0000] {processor.py:925} INFO - DAG(s) 'mongo_to_postgres_replication' retrieved from /opt/airflow/dags/etl_mongo_to_postgres.py
[2026-03-09T16:59:02.690+0000] {logging_mixin.py:190} INFO - [2026-03-09T16:59:02.690+0000] {dag.py:3239} INFO - Sync 1 DAGs
[2026-03-09T16:59:02.712+0000] {logging_mixin.py:190} INFO - [2026-03-09T16:59:02.712+0000] {dag.py:4180} INFO - Setting next_dagrun for mongo_to_postgres_replication to None, run_after=None
[2026-03-09T16:59:02.743+0000] {processor.py:208} INFO - Processing /opt/airflow/dags/etl_mongo_to_postgres.py took 0.138 seconds
[2026-03-09T16:59:32.956+0000] {processor.py:186} INFO - Started process (PID=761) to work on /opt/airflow/dags/etl_mongo_to_postgres.py
[2026-03-09T16:59:32.958+0000] {processor.py:914} INFO - Processing file /opt/airflow/dags/etl_mongo_to_postgres.py for tasks to queue
[2026-03-09T16:59:32.963+0000] {logging_mixin.py:190} INFO - [2026-03-09T16:59:32.963+0000] {dagbag.py:588} INFO - Filling up the DagBag from /opt/airflow/dags/etl_mongo_to_postgres.py
[2026-03-09T16:59:32.980+0000] {processor.py:925} INFO - DAG(s) 'mongo_to_postgres_replication' retrieved from /opt/airflow/dags/etl_mongo_to_postgres.py
[2026-03-09T16:59:33.039+0000] {logging_mixin.py:190} INFO - [2026-03-09T16:59:33.038+0000] {dag.py:3239} INFO - Sync 1 DAGs
[2026-03-09T16:59:33.065+0000] {logging_mixin.py:190} INFO - [2026-03-09T16:59:33.065+0000] {dag.py:4180} INFO - Setting next_dagrun for mongo_to_postgres_replication to None, run_after=None
[2026-03-09T16:59:33.096+0000] {processor.py:208} INFO - Processing /opt/airflow/dags/etl_mongo_to_postgres.py took 0.154 seconds
[2026-03-09T17:00:03.802+0000] {processor.py:186} INFO - Started process (PID=784) to work on /opt/airflow/dags/etl_mongo_to_postgres.py
[2026-03-09T17:00:03.804+0000] {processor.py:914} INFO - Processing file /opt/airflow/dags/etl_mongo_to_postgres.py for tasks to queue
[2026-03-09T17:00:03.807+0000] {logging_mixin.py:190} INFO - [2026-03-09T17:00:03.807+0000] {dagbag.py:588} INFO - Filling up the DagBag from /opt/airflow/dags/etl_mongo_to_postgres.py
[2026-03-09T17:00:03.820+0000] {processor.py:925} INFO - DAG(s) 'mongo_to_postgres_replication' retrieved from /opt/airflow/dags/etl_mongo_to_postgres.py
[2026-03-09T17:00:03.871+0000] {logging_mixin.py:190} INFO - [2026-03-09T17:00:03.871+0000] {dag.py:3239} INFO - Sync 1 DAGs
[2026-03-09T17:00:03.890+0000] {logging_mixin.py:190} INFO - [2026-03-09T17:00:03.890+0000] {dag.py:4180} INFO - Setting next_dagrun for mongo_to_postgres_replication to None, run_after=None
[2026-03-09T17:00:03.920+0000] {processor.py:208} INFO - Processing /opt/airflow/dags/etl_mongo_to_postgres.py took 0.128 seconds
[2026-03-09T17:00:34.694+0000] {processor.py:186} INFO - Started process (PID=807) to work on /opt/airflow/dags/etl_mongo_to_postgres.py
[2026-03-09T17:00:34.705+0000] {processor.py:914} INFO - Processing file /opt/airflow/dags/etl_mongo_to_postgres.py for tasks to queue
[2026-03-09T17:00:34.709+0000] {logging_mixin.py:190} INFO - [2026-03-09T17:00:34.708+0000] {dagbag.py:588} INFO - Filling up the DagBag from /opt/airflow/dags/etl_mongo_to_postgres.py
[2026-03-09T17:00:34.723+0000] {processor.py:925} INFO - DAG(s) 'mongo_to_postgres_replication' retrieved from /opt/airflow/dags/etl_mongo_to_postgres.py
[2026-03-09T17:00:34.776+0000] {logging_mixin.py:190} INFO - [2026-03-09T17:00:34.776+0000] {dag.py:3239} INFO - Sync 1 DAGs
[2026-03-09T17:00:34.798+0000] {logging_mixin.py:190} INFO - [2026-03-09T17:00:34.798+0000] {dag.py:4180} INFO - Setting next_dagrun for mongo_to_postgres_replication to None, run_after=None
[2026-03-09T17:00:34.834+0000] {processor.py:208} INFO - Processing /opt/airflow/dags/etl_mongo_to_postgres.py took 0.151 seconds
[2026-03-09T17:01:05.607+0000] {processor.py:186} INFO - Started process (PID=809) to work on /opt/airflow/dags/etl_mongo_to_postgres.py
[2026-03-09T17:01:05.608+0000] {processor.py:914} INFO - Processing file /opt/airflow/dags/etl_mongo_to_postgres.py for tasks to queue
[2026-03-09T17:01:05.611+0000] {logging_mixin.py:190} INFO - [2026-03-09T17:01:05.611+0000] {dagbag.py:588} INFO - Filling up the DagBag from /opt/airflow/dags/etl_mongo_to_postgres.py
[2026-03-09T17:01:05.622+0000] {processor.py:925} INFO - DAG(s) 'mongo_to_postgres_replication' retrieved from /opt/airflow/dags/etl_mongo_to_postgres.py
[2026-03-09T17:01:05.675+0000] {logging_mixin.py:190} INFO - [2026-03-09T17:01:05.674+0000] {dag.py:3239} INFO - Sync 1 DAGs
[2026-03-09T17:01:05.697+0000] {logging_mixin.py:190} INFO - [2026-03-09T17:01:05.696+0000] {dag.py:4180} INFO - Setting next_dagrun for mongo_to_postgres_replication to None, run_after=None
[2026-03-09T17:01:05.729+0000] {processor.py:208} INFO - Processing /opt/airflow/dags/etl_mongo_to_postgres.py took 0.132 seconds
[2026-03-09T17:01:36.386+0000] {processor.py:186} INFO - Started process (PID=812) to work on /opt/airflow/dags/etl_mongo_to_postgres.py
[2026-03-09T17:01:36.398+0000] {processor.py:914} INFO - Processing file /opt/airflow/dags/etl_mongo_to_postgres.py for tasks to queue
[2026-03-09T17:01:36.401+0000] {logging_mixin.py:190} INFO - [2026-03-09T17:01:36.401+0000] {dagbag.py:588} INFO - Filling up the DagBag from /opt/airflow/dags/etl_mongo_to_postgres.py
[2026-03-09T17:01:36.414+0000] {processor.py:925} INFO - DAG(s) 'mongo_to_postgres_replication' retrieved from /opt/airflow/dags/etl_mongo_to_postgres.py
[2026-03-09T17:01:36.464+0000] {logging_mixin.py:190} INFO - [2026-03-09T17:01:36.464+0000] {dag.py:3239} INFO - Sync 1 DAGs
[2026-03-09T17:01:36.484+0000] {logging_mixin.py:190} INFO - [2026-03-09T17:01:36.483+0000] {dag.py:4180} INFO - Setting next_dagrun for mongo_to_postgres_replication to None, run_after=None
[2026-03-09T17:01:36.511+0000] {processor.py:208} INFO - Processing /opt/airflow/dags/etl_mongo_to_postgres.py took 0.135 seconds
[2026-03-09T17:02:07.288+0000] {processor.py:186} INFO - Started process (PID=834) to work on /opt/airflow/dags/etl_mongo_to_postgres.py
[2026-03-09T17:02:07.289+0000] {processor.py:914} INFO - Processing file /opt/airflow/dags/etl_mongo_to_postgres.py for tasks to queue
[2026-03-09T17:02:07.294+0000] {logging_mixin.py:190} INFO - [2026-03-09T17:02:07.293+0000] {dagbag.py:588} INFO - Filling up the DagBag from /opt/airflow/dags/etl_mongo_to_postgres.py
[2026-03-09T17:02:07.309+0000] {processor.py:925} INFO - DAG(s) 'mongo_to_postgres_replication' retrieved from /opt/airflow/dags/etl_mongo_to_postgres.py
[2026-03-09T17:02:07.361+0000] {logging_mixin.py:190} INFO - [2026-03-09T17:02:07.360+0000] {dag.py:3239} INFO - Sync 1 DAGs
[2026-03-09T17:02:07.382+0000] {logging_mixin.py:190} INFO - [2026-03-09T17:02:07.382+0000] {dag.py:4180} INFO - Setting next_dagrun for mongo_to_postgres_replication to None, run_after=None
[2026-03-09T17:02:07.412+0000] {processor.py:208} INFO - Processing /opt/airflow/dags/etl_mongo_to_postgres.py took 0.135 seconds
[2026-03-09T17:02:38.173+0000] {processor.py:186} INFO - Started process (PID=857) to work on /opt/airflow/dags/etl_mongo_to_postgres.py
[2026-03-09T17:02:38.175+0000] {processor.py:914} INFO - Processing file /opt/airflow/dags/etl_mongo_to_postgres.py for tasks to queue
[2026-03-09T17:02:38.179+0000] {logging_mixin.py:190} INFO - [2026-03-09T17:02:38.178+0000] {dagbag.py:588} INFO - Filling up the DagBag from /opt/airflow/dags/etl_mongo_to_postgres.py
[2026-03-09T17:02:38.192+0000] {processor.py:925} INFO - DAG(s) 'mongo_to_postgres_replication' retrieved from /opt/airflow/dags/etl_mongo_to_postgres.py
[2026-03-09T17:02:38.250+0000] {logging_mixin.py:190} INFO - [2026-03-09T17:02:38.250+0000] {dag.py:3239} INFO - Sync 1 DAGs
[2026-03-09T17:02:38.274+0000] {logging_mixin.py:190} INFO - [2026-03-09T17:02:38.273+0000] {dag.py:4180} INFO - Setting next_dagrun for mongo_to_postgres_replication to None, run_after=None
[2026-03-09T17:02:38.316+0000] {processor.py:208} INFO - Processing /opt/airflow/dags/etl_mongo_to_postgres.py took 0.154 seconds
[2026-03-09T17:03:08.911+0000] {processor.py:186} INFO - Started process (PID=880) to work on /opt/airflow/dags/etl_mongo_to_postgres.py
[2026-03-09T17:03:08.912+0000] {processor.py:914} INFO - Processing file /opt/airflow/dags/etl_mongo_to_postgres.py for tasks to queue
[2026-03-09T17:03:08.915+0000] {logging_mixin.py:190} INFO - [2026-03-09T17:03:08.914+0000] {dagbag.py:588} INFO - Filling up the DagBag from /opt/airflow/dags/etl_mongo_to_postgres.py
[2026-03-09T17:03:08.924+0000] {processor.py:925} INFO - DAG(s) 'mongo_to_postgres_replication' retrieved from /opt/airflow/dags/etl_mongo_to_postgres.py
[2026-03-09T17:03:08.962+0000] {logging_mixin.py:190} INFO - [2026-03-09T17:03:08.961+0000] {dag.py:3239} INFO - Sync 1 DAGs
[2026-03-09T17:03:08.977+0000] {logging_mixin.py:190} INFO - [2026-03-09T17:03:08.977+0000] {dag.py:4180} INFO - Setting next_dagrun for mongo_to_postgres_replication to None, run_after=None
[2026-03-09T17:03:08.998+0000] {processor.py:208} INFO - Processing /opt/airflow/dags/etl_mongo_to_postgres.py took 0.095 seconds
[2026-03-09T17:03:39.702+0000] {processor.py:186} INFO - Started process (PID=903) to work on /opt/airflow/dags/etl_mongo_to_postgres.py
[2026-03-09T17:03:39.712+0000] {processor.py:914} INFO - Processing file /opt/airflow/dags/etl_mongo_to_postgres.py for tasks to queue
[2026-03-09T17:03:39.716+0000] {logging_mixin.py:190} INFO - [2026-03-09T17:03:39.715+0000] {dagbag.py:588} INFO - Filling up the DagBag from /opt/airflow/dags/etl_mongo_to_postgres.py
[2026-03-09T17:03:39.730+0000] {processor.py:925} INFO - DAG(s) 'mongo_to_postgres_replication' retrieved from /opt/airflow/dags/etl_mongo_to_postgres.py
[2026-03-09T17:03:39.779+0000] {logging_mixin.py:190} INFO - [2026-03-09T17:03:39.779+0000] {dag.py:3239} INFO - Sync 1 DAGs
[2026-03-09T17:03:39.799+0000] {logging_mixin.py:190} INFO - [2026-03-09T17:03:39.799+0000] {dag.py:4180} INFO - Setting next_dagrun for mongo_to_postgres_replication to None, run_after=None
[2026-03-09T17:03:39.824+0000] {processor.py:208} INFO - Processing /opt/airflow/dags/etl_mongo_to_postgres.py took 0.133 seconds
[2026-03-09T17:04:10.506+0000] {processor.py:186} INFO - Started process (PID=926) to work on /opt/airflow/dags/etl_mongo_to_postgres.py
[2026-03-09T17:04:10.519+0000] {processor.py:914} INFO - Processing file /opt/airflow/dags/etl_mongo_to_postgres.py for tasks to queue
[2026-03-09T17:04:10.523+0000] {logging_mixin.py:190} INFO - [2026-03-09T17:04:10.523+0000] {dagbag.py:588} INFO - Filling up the DagBag from /opt/airflow/dags/etl_mongo_to_postgres.py
[2026-03-09T17:04:10.536+0000] {processor.py:925} INFO - DAG(s) 'mongo_to_postgres_replication' retrieved from /opt/airflow/dags/etl_mongo_to_postgres.py
[2026-03-09T17:04:10.588+0000] {logging_mixin.py:190} INFO - [2026-03-09T17:04:10.587+0000] {dag.py:3239} INFO - Sync 1 DAGs
[2026-03-09T17:04:10.608+0000] {logging_mixin.py:190} INFO - [2026-03-09T17:04:10.608+0000] {dag.py:4180} INFO - Setting next_dagrun for mongo_to_postgres_replication to None, run_after=None
[2026-03-09T17:04:10.646+0000] {processor.py:208} INFO - Processing /opt/airflow/dags/etl_mongo_to_postgres.py took 0.150 seconds
[2026-03-09T17:04:41.298+0000] {processor.py:186} INFO - Started process (PID=928) to work on /opt/airflow/dags/etl_mongo_to_postgres.py
[2026-03-09T17:04:41.299+0000] {processor.py:914} INFO - Processing file /opt/airflow/dags/etl_mongo_to_postgres.py for tasks to queue
[2026-03-09T17:04:41.302+0000] {logging_mixin.py:190} INFO - [2026-03-09T17:04:41.301+0000] {dagbag.py:588} INFO - Filling up the DagBag from /opt/airflow/dags/etl_mongo_to_postgres.py
[2026-03-09T17:04:41.314+0000] {processor.py:925} INFO - DAG(s) 'mongo_to_postgres_replication' retrieved from /opt/airflow/dags/etl_mongo_to_postgres.py
[2026-03-09T17:04:41.361+0000] {logging_mixin.py:190} INFO - [2026-03-09T17:04:41.361+0000] {dag.py:3239} INFO - Sync 1 DAGs
[2026-03-09T17:04:41.380+0000] {logging_mixin.py:190} INFO - [2026-03-09T17:04:41.380+0000] {dag.py:4180} INFO - Setting next_dagrun for mongo_to_postgres_replication to None, run_after=None
[2026-03-09T17:04:41.409+0000] {processor.py:208} INFO - Processing /opt/airflow/dags/etl_mongo_to_postgres.py took 0.123 seconds
[2026-03-09T17:05:12.109+0000] {processor.py:186} INFO - Started process (PID=930) to work on /opt/airflow/dags/etl_mongo_to_postgres.py
[2026-03-09T17:05:12.111+0000] {processor.py:914} INFO - Processing file /opt/airflow/dags/etl_mongo_to_postgres.py for tasks to queue
[2026-03-09T17:05:12.115+0000] {logging_mixin.py:190} INFO - [2026-03-09T17:05:12.114+0000] {dagbag.py:588} INFO - Filling up the DagBag from /opt/airflow/dags/etl_mongo_to_postgres.py
[2026-03-09T17:05:12.126+0000] {processor.py:925} INFO - DAG(s) 'mongo_to_postgres_replication' retrieved from /opt/airflow/dags/etl_mongo_to_postgres.py
[2026-03-09T17:05:12.171+0000] {logging_mixin.py:190} INFO - [2026-03-09T17:05:12.170+0000] {dag.py:3239} INFO - Sync 1 DAGs
[2026-03-09T17:05:12.190+0000] {logging_mixin.py:190} INFO - [2026-03-09T17:05:12.189+0000] {dag.py:4180} INFO - Setting next_dagrun for mongo_to_postgres_replication to None, run_after=None
[2026-03-09T17:05:12.213+0000] {processor.py:208} INFO - Processing /opt/airflow/dags/etl_mongo_to_postgres.py took 0.113 seconds
[2026-03-09T17:05:43.034+0000] {processor.py:186} INFO - Started process (PID=932) to work on /opt/airflow/dags/etl_mongo_to_postgres.py
[2026-03-09T17:05:43.036+0000] {processor.py:914} INFO - Processing file /opt/airflow/dags/etl_mongo_to_postgres.py for tasks to queue
[2026-03-09T17:05:43.040+0000] {logging_mixin.py:190} INFO - [2026-03-09T17:05:43.040+0000] {dagbag.py:588} INFO - Filling up the DagBag from /opt/airflow/dags/etl_mongo_to_postgres.py
[2026-03-09T17:05:43.056+0000] {processor.py:925} INFO - DAG(s) 'mongo_to_postgres_replication' retrieved from /opt/airflow/dags/etl_mongo_to_postgres.py
[2026-03-09T17:05:43.117+0000] {logging_mixin.py:190} INFO - [2026-03-09T17:05:43.116+0000] {dag.py:3239} INFO - Sync 1 DAGs
[2026-03-09T17:05:43.142+0000] {logging_mixin.py:190} INFO - [2026-03-09T17:05:43.142+0000] {dag.py:4180} INFO - Setting next_dagrun for mongo_to_postgres_replication to None, run_after=None
[2026-03-09T17:05:43.185+0000] {processor.py:208} INFO - Processing /opt/airflow/dags/etl_mongo_to_postgres.py took 0.164 seconds
[2026-03-09T17:06:13.954+0000] {processor.py:186} INFO - Started process (PID=934) to work on /opt/airflow/dags/etl_mongo_to_postgres.py
[2026-03-09T17:06:13.956+0000] {processor.py:914} INFO - Processing file /opt/airflow/dags/etl_mongo_to_postgres.py for tasks to queue
[2026-03-09T17:06:13.960+0000] {logging_mixin.py:190} INFO - [2026-03-09T17:06:13.959+0000] {dagbag.py:588} INFO - Filling up the DagBag from /opt/airflow/dags/etl_mongo_to_postgres.py
[2026-03-09T17:06:13.974+0000] {processor.py:925} INFO - DAG(s) 'mongo_to_postgres_replication' retrieved from /opt/airflow/dags/etl_mongo_to_postgres.py
[2026-03-09T17:06:14.030+0000] {logging_mixin.py:190} INFO - [2026-03-09T17:06:14.030+0000] {dag.py:3239} INFO - Sync 1 DAGs
[2026-03-09T17:06:14.052+0000] {logging_mixin.py:190} INFO - [2026-03-09T17:06:14.052+0000] {dag.py:4180} INFO - Setting next_dagrun for mongo_to_postgres_replication to None, run_after=None
[2026-03-09T17:06:14.090+0000] {processor.py:208} INFO - Processing /opt/airflow/dags/etl_mongo_to_postgres.py took 0.146 seconds
[2026-03-09T17:06:44.778+0000] {processor.py:186} INFO - Started process (PID=936) to work on /opt/airflow/dags/etl_mongo_to_postgres.py
[2026-03-09T17:06:44.779+0000] {processor.py:914} INFO - Processing file /opt/airflow/dags/etl_mongo_to_postgres.py for tasks to queue
[2026-03-09T17:06:44.782+0000] {logging_mixin.py:190} INFO - [2026-03-09T17:06:44.782+0000] {dagbag.py:588} INFO - Filling up the DagBag from /opt/airflow/dags/etl_mongo_to_postgres.py
[2026-03-09T17:06:44.795+0000] {processor.py:925} INFO - DAG(s) 'mongo_to_postgres_replication' retrieved from /opt/airflow/dags/etl_mongo_to_postgres.py
[2026-03-09T17:06:44.849+0000] {logging_mixin.py:190} INFO - [2026-03-09T17:06:44.849+0000] {dag.py:3239} INFO - Sync 1 DAGs
[2026-03-09T17:06:44.871+0000] {logging_mixin.py:190} INFO - [2026-03-09T17:06:44.871+0000] {dag.py:4180} INFO - Setting next_dagrun for mongo_to_postgres_replication to None, run_after=None
[2026-03-09T17:06:44.910+0000] {processor.py:208} INFO - Processing /opt/airflow/dags/etl_mongo_to_postgres.py took 0.142 seconds
[2026-03-09T17:07:15.600+0000] {processor.py:186} INFO - Started process (PID=938) to work on /opt/airflow/dags/etl_mongo_to_postgres.py
[2026-03-09T17:07:15.602+0000] {processor.py:914} INFO - Processing file /opt/airflow/dags/etl_mongo_to_postgres.py for tasks to queue
[2026-03-09T17:07:15.606+0000] {logging_mixin.py:190} INFO - [2026-03-09T17:07:15.605+0000] {dagbag.py:588} INFO - Filling up the DagBag from /opt/airflow/dags/etl_mongo_to_postgres.py
[2026-03-09T17:07:15.621+0000] {processor.py:925} INFO - DAG(s) 'mongo_to_postgres_replication' retrieved from /opt/airflow/dags/etl_mongo_to_postgres.py
[2026-03-09T17:07:15.681+0000] {logging_mixin.py:190} INFO - [2026-03-09T17:07:15.680+0000] {dag.py:3239} INFO - Sync 1 DAGs
[2026-03-09T17:07:15.702+0000] {logging_mixin.py:190} INFO - [2026-03-09T17:07:15.702+0000] {dag.py:4180} INFO - Setting next_dagrun for mongo_to_postgres_replication to None, run_after=None
[2026-03-09T17:07:15.740+0000] {processor.py:208} INFO - Processing /opt/airflow/dags/etl_mongo_to_postgres.py took 0.151 seconds
[2026-03-09T17:07:46.420+0000] {processor.py:186} INFO - Started process (PID=940) to work on /opt/airflow/dags/etl_mongo_to_postgres.py
[2026-03-09T17:07:46.421+0000] {processor.py:914} INFO - Processing file /opt/airflow/dags/etl_mongo_to_postgres.py for tasks to queue
[2026-03-09T17:07:46.425+0000] {logging_mixin.py:190} INFO - [2026-03-09T17:07:46.424+0000] {dagbag.py:588} INFO - Filling up the DagBag from /opt/airflow/dags/etl_mongo_to_postgres.py
[2026-03-09T17:07:46.437+0000] {processor.py:925} INFO - DAG(s) 'mongo_to_postgres_replication' retrieved from /opt/airflow/dags/etl_mongo_to_postgres.py
[2026-03-09T17:07:46.486+0000] {logging_mixin.py:190} INFO - [2026-03-09T17:07:46.486+0000] {dag.py:3239} INFO - Sync 1 DAGs
[2026-03-09T17:07:46.507+0000] {logging_mixin.py:190} INFO - [2026-03-09T17:07:46.506+0000] {dag.py:4180} INFO - Setting next_dagrun for mongo_to_postgres_replication to None, run_after=None
[2026-03-09T17:07:46.538+0000] {processor.py:208} INFO - Processing /opt/airflow/dags/etl_mongo_to_postgres.py took 0.128 seconds
[2026-03-09T17:08:17.264+0000] {processor.py:186} INFO - Started process (PID=942) to work on /opt/airflow/dags/etl_mongo_to_postgres.py
[2026-03-09T17:08:17.275+0000] {processor.py:914} INFO - Processing file /opt/airflow/dags/etl_mongo_to_postgres.py for tasks to queue
[2026-03-09T17:08:17.278+0000] {logging_mixin.py:190} INFO - [2026-03-09T17:08:17.278+0000] {dagbag.py:588} INFO - Filling up the DagBag from /opt/airflow/dags/etl_mongo_to_postgres.py
[2026-03-09T17:08:17.292+0000] {processor.py:925} INFO - DAG(s) 'mongo_to_postgres_replication' retrieved from /opt/airflow/dags/etl_mongo_to_postgres.py
[2026-03-09T17:08:17.340+0000] {logging_mixin.py:190} INFO - [2026-03-09T17:08:17.340+0000] {dag.py:3239} INFO - Sync 1 DAGs
[2026-03-09T17:08:17.359+0000] {logging_mixin.py:190} INFO - [2026-03-09T17:08:17.359+0000] {dag.py:4180} INFO - Setting next_dagrun for mongo_to_postgres_replication to None, run_after=None
[2026-03-09T17:08:17.389+0000] {processor.py:208} INFO - Processing /opt/airflow/dags/etl_mongo_to_postgres.py took 0.135 seconds
[2026-03-09T17:08:48.128+0000] {processor.py:186} INFO - Started process (PID=944) to work on /opt/airflow/dags/etl_mongo_to_postgres.py
[2026-03-09T17:08:48.131+0000] {processor.py:914} INFO - Processing file /opt/airflow/dags/etl_mongo_to_postgres.py for tasks to queue
[2026-03-09T17:08:48.135+0000] {logging_mixin.py:190} INFO - [2026-03-09T17:08:48.134+0000] {dagbag.py:588} INFO - Filling up the DagBag from /opt/airflow/dags/etl_mongo_to_postgres.py
[2026-03-09T17:08:48.149+0000] {processor.py:925} INFO - DAG(s) 'mongo_to_postgres_replication' retrieved from /opt/airflow/dags/etl_mongo_to_postgres.py
[2026-03-09T17:08:48.203+0000] {logging_mixin.py:190} INFO - [2026-03-09T17:08:48.202+0000] {dag.py:3239} INFO - Sync 1 DAGs
[2026-03-09T17:08:48.226+0000] {logging_mixin.py:190} INFO - [2026-03-09T17:08:48.225+0000] {dag.py:4180} INFO - Setting next_dagrun for mongo_to_postgres_replication to None, run_after=None
[2026-03-09T17:08:48.259+0000] {processor.py:208} INFO - Processing /opt/airflow/dags/etl_mongo_to_postgres.py took 0.143 seconds
[2026-03-09T17:09:18.924+0000] {processor.py:186} INFO - Started process (PID=969) to work on /opt/airflow/dags/etl_mongo_to_postgres.py
[2026-03-09T17:09:18.925+0000] {processor.py:914} INFO - Processing file /opt/airflow/dags/etl_mongo_to_postgres.py for tasks to queue
[2026-03-09T17:09:18.928+0000] {logging_mixin.py:190} INFO - [2026-03-09T17:09:18.928+0000] {dagbag.py:588} INFO - Filling up the DagBag from /opt/airflow/dags/etl_mongo_to_postgres.py
[2026-03-09T17:09:18.939+0000] {processor.py:925} INFO - DAG(s) 'mongo_to_postgres_replication' retrieved from /opt/airflow/dags/etl_mongo_to_postgres.py
[2026-03-09T17:09:18.982+0000] {logging_mixin.py:190} INFO - [2026-03-09T17:09:18.982+0000] {dag.py:3239} INFO - Sync 1 DAGs
[2026-03-09T17:09:19.001+0000] {logging_mixin.py:190} INFO - [2026-03-09T17:09:19.001+0000] {dag.py:4180} INFO - Setting next_dagrun for mongo_to_postgres_replication to None, run_after=None
[2026-03-09T17:09:19.025+0000] {processor.py:208} INFO - Processing /opt/airflow/dags/etl_mongo_to_postgres.py took 0.111 seconds
[2026-03-09T17:09:49.999+0000] {processor.py:186} INFO - Started process (PID=1058) to work on /opt/airflow/dags/etl_mongo_to_postgres.py
[2026-03-09T17:09:50.010+0000] {processor.py:914} INFO - Processing file /opt/airflow/dags/etl_mongo_to_postgres.py for tasks to queue
[2026-03-09T17:09:50.014+0000] {logging_mixin.py:190} INFO - [2026-03-09T17:09:50.013+0000] {dagbag.py:588} INFO - Filling up the DagBag from /opt/airflow/dags/etl_mongo_to_postgres.py
[2026-03-09T17:09:50.027+0000] {processor.py:925} INFO - DAG(s) 'mongo_to_postgres_replication' retrieved from /opt/airflow/dags/etl_mongo_to_postgres.py
[2026-03-09T17:09:50.075+0000] {logging_mixin.py:190} INFO - [2026-03-09T17:09:50.075+0000] {dag.py:3239} INFO - Sync 1 DAGs
[2026-03-09T17:09:50.095+0000] {logging_mixin.py:190} INFO - [2026-03-09T17:09:50.095+0000] {dag.py:4180} INFO - Setting next_dagrun for mongo_to_postgres_replication to None, run_after=None
[2026-03-09T17:09:50.123+0000] {processor.py:208} INFO - Processing /opt/airflow/dags/etl_mongo_to_postgres.py took 0.134 seconds
[2026-03-09T17:10:20.794+0000] {processor.py:186} INFO - Started process (PID=1060) to work on /opt/airflow/dags/etl_mongo_to_postgres.py
[2026-03-09T17:10:20.796+0000] {processor.py:914} INFO - Processing file /opt/airflow/dags/etl_mongo_to_postgres.py for tasks to queue
[2026-03-09T17:10:20.799+0000] {logging_mixin.py:190} INFO - [2026-03-09T17:10:20.799+0000] {dagbag.py:588} INFO - Filling up the DagBag from /opt/airflow/dags/etl_mongo_to_postgres.py
[2026-03-09T17:10:20.815+0000] {processor.py:925} INFO - DAG(s) 'mongo_to_postgres_replication' retrieved from /opt/airflow/dags/etl_mongo_to_postgres.py
[2026-03-09T17:10:20.866+0000] {logging_mixin.py:190} INFO - [2026-03-09T17:10:20.865+0000] {dag.py:3239} INFO - Sync 1 DAGs
[2026-03-09T17:10:20.885+0000] {logging_mixin.py:190} INFO - [2026-03-09T17:10:20.885+0000] {dag.py:4180} INFO - Setting next_dagrun for mongo_to_postgres_replication to None, run_after=None
[2026-03-09T17:10:20.911+0000] {processor.py:208} INFO - Processing /opt/airflow/dags/etl_mongo_to_postgres.py took 0.128 seconds
[2026-03-09T17:10:51.550+0000] {processor.py:186} INFO - Started process (PID=1062) to work on /opt/airflow/dags/etl_mongo_to_postgres.py
[2026-03-09T17:10:51.552+0000] {processor.py:914} INFO - Processing file /opt/airflow/dags/etl_mongo_to_postgres.py for tasks to queue
[2026-03-09T17:10:51.557+0000] {logging_mixin.py:190} INFO - [2026-03-09T17:10:51.556+0000] {dagbag.py:588} INFO - Filling up the DagBag from /opt/airflow/dags/etl_mongo_to_postgres.py
[2026-03-09T17:10:51.575+0000] {processor.py:925} INFO - DAG(s) 'mongo_to_postgres_replication' retrieved from /opt/airflow/dags/etl_mongo_to_postgres.py
[2026-03-09T17:10:51.635+0000] {logging_mixin.py:190} INFO - [2026-03-09T17:10:51.635+0000] {dag.py:3239} INFO - Sync 1 DAGs
[2026-03-09T17:10:51.660+0000] {logging_mixin.py:190} INFO - [2026-03-09T17:10:51.660+0000] {dag.py:4180} INFO - Setting next_dagrun for mongo_to_postgres_replication to None, run_after=None
[2026-03-09T17:10:51.692+0000] {processor.py:208} INFO - Processing /opt/airflow/dags/etl_mongo_to_postgres.py took 0.157 seconds
[2026-03-09T17:11:22.367+0000] {processor.py:186} INFO - Started process (PID=1064) to work on /opt/airflow/dags/etl_mongo_to_postgres.py
[2026-03-09T17:11:22.369+0000] {processor.py:914} INFO - Processing file /opt/airflow/dags/etl_mongo_to_postgres.py for tasks to queue
[2026-03-09T17:11:22.372+0000] {logging_mixin.py:190} INFO - [2026-03-09T17:11:22.372+0000] {dagbag.py:588} INFO - Filling up the DagBag from /opt/airflow/dags/etl_mongo_to_postgres.py
[2026-03-09T17:11:22.387+0000] {processor.py:925} INFO - DAG(s) 'mongo_to_postgres_replication' retrieved from /opt/airflow/dags/etl_mongo_to_postgres.py
[2026-03-09T17:11:22.446+0000] {logging_mixin.py:190} INFO - [2026-03-09T17:11:22.446+0000] {dag.py:3239} INFO - Sync 1 DAGs
[2026-03-09T17:11:22.481+0000] {logging_mixin.py:190} INFO - [2026-03-09T17:11:22.480+0000] {dag.py:4180} INFO - Setting next_dagrun for mongo_to_postgres_replication to None, run_after=None
[2026-03-09T17:11:22.525+0000] {processor.py:208} INFO - Processing /opt/airflow/dags/etl_mongo_to_postgres.py took 0.169 seconds
[2026-03-09T17:11:53.254+0000] {processor.py:186} INFO - Started process (PID=1066) to work on /opt/airflow/dags/etl_mongo_to_postgres.py
[2026-03-09T17:11:53.265+0000] {processor.py:914} INFO - Processing file /opt/airflow/dags/etl_mongo_to_postgres.py for tasks to queue
[2026-03-09T17:11:53.269+0000] {logging_mixin.py:190} INFO - [2026-03-09T17:11:53.268+0000] {dagbag.py:588} INFO - Filling up the DagBag from /opt/airflow/dags/etl_mongo_to_postgres.py
[2026-03-09T17:11:53.282+0000] {processor.py:925} INFO - DAG(s) 'mongo_to_postgres_replication' retrieved from /opt/airflow/dags/etl_mongo_to_postgres.py
[2026-03-09T17:11:53.336+0000] {logging_mixin.py:190} INFO - [2026-03-09T17:11:53.336+0000] {dag.py:3239} INFO - Sync 1 DAGs
[2026-03-09T17:11:53.358+0000] {logging_mixin.py:190} INFO - [2026-03-09T17:11:53.357+0000] {dag.py:4180} INFO - Setting next_dagrun for mongo_to_postgres_replication to None, run_after=None
[2026-03-09T17:11:53.386+0000] {processor.py:208} INFO - Processing /opt/airflow/dags/etl_mongo_to_postgres.py took 0.142 seconds
[2026-03-09T17:12:23.995+0000] {processor.py:186} INFO - Started process (PID=1068) to work on /opt/airflow/dags/etl_mongo_to_postgres.py
[2026-03-09T17:12:23.996+0000] {processor.py:914} INFO - Processing file /opt/airflow/dags/etl_mongo_to_postgres.py for tasks to queue
[2026-03-09T17:12:24.000+0000] {logging_mixin.py:190} INFO - [2026-03-09T17:12:23.999+0000] {dagbag.py:588} INFO - Filling up the DagBag from /opt/airflow/dags/etl_mongo_to_postgres.py
[2026-03-09T17:12:24.013+0000] {processor.py:925} INFO - DAG(s) 'mongo_to_postgres_replication' retrieved from /opt/airflow/dags/etl_mongo_to_postgres.py
[2026-03-09T17:12:24.064+0000] {logging_mixin.py:190} INFO - [2026-03-09T17:12:24.064+0000] {dag.py:3239} INFO - Sync 1 DAGs
[2026-03-09T17:12:24.088+0000] {logging_mixin.py:190} INFO - [2026-03-09T17:12:24.087+0000] {dag.py:4180} INFO - Setting next_dagrun for mongo_to_postgres_replication to None, run_after=None
[2026-03-09T17:12:24.127+0000] {processor.py:208} INFO - Processing /opt/airflow/dags/etl_mongo_to_postgres.py took 0.143 seconds
[2026-03-09T17:12:54.857+0000] {processor.py:186} INFO - Started process (PID=1070) to work on /opt/airflow/dags/etl_mongo_to_postgres.py
[2026-03-09T17:12:54.868+0000] {processor.py:914} INFO - Processing file /opt/airflow/dags/etl_mongo_to_postgres.py for tasks to queue
[2026-03-09T17:12:54.872+0000] {logging_mixin.py:190} INFO - [2026-03-09T17:12:54.872+0000] {dagbag.py:588} INFO - Filling up the DagBag from /opt/airflow/dags/etl_mongo_to_postgres.py
[2026-03-09T17:12:54.885+0000] {processor.py:925} INFO - DAG(s) 'mongo_to_postgres_replication' retrieved from /opt/airflow/dags/etl_mongo_to_postgres.py
[2026-03-09T17:12:54.942+0000] {logging_mixin.py:190} INFO - [2026-03-09T17:12:54.942+0000] {dag.py:3239} INFO - Sync 1 DAGs
[2026-03-09T17:12:54.966+0000] {logging_mixin.py:190} INFO - [2026-03-09T17:12:54.966+0000] {dag.py:4180} INFO - Setting next_dagrun for mongo_to_postgres_replication to None, run_after=None
[2026-03-09T17:12:54.998+0000] {processor.py:208} INFO - Processing /opt/airflow/dags/etl_mongo_to_postgres.py took 0.150 seconds
[2026-03-09T17:13:25.624+0000] {processor.py:186} INFO - Started process (PID=1072) to work on /opt/airflow/dags/etl_mongo_to_postgres.py
[2026-03-09T17:13:25.626+0000] {processor.py:914} INFO - Processing file /opt/airflow/dags/etl_mongo_to_postgres.py for tasks to queue
[2026-03-09T17:13:25.629+0000] {logging_mixin.py:190} INFO - [2026-03-09T17:13:25.628+0000] {dagbag.py:588} INFO - Filling up the DagBag from /opt/airflow/dags/etl_mongo_to_postgres.py
[2026-03-09T17:13:25.643+0000] {processor.py:925} INFO - DAG(s) 'mongo_to_postgres_replication' retrieved from /opt/airflow/dags/etl_mongo_to_postgres.py
[2026-03-09T17:13:25.696+0000] {logging_mixin.py:190} INFO - [2026-03-09T17:13:25.696+0000] {dag.py:3239} INFO - Sync 1 DAGs
[2026-03-09T17:13:25.719+0000] {logging_mixin.py:190} INFO - [2026-03-09T17:13:25.719+0000] {dag.py:4180} INFO - Setting next_dagrun for mongo_to_postgres_replication to None, run_after=None
[2026-03-09T17:13:25.752+0000] {processor.py:208} INFO - Processing /opt/airflow/dags/etl_mongo_to_postgres.py took 0.137 seconds
[2026-03-09T17:13:56.407+0000] {processor.py:186} INFO - Started process (PID=1140) to work on /opt/airflow/dags/etl_mongo_to_postgres.py
[2026-03-09T17:13:56.409+0000] {processor.py:914} INFO - Processing file /opt/airflow/dags/etl_mongo_to_postgres.py for tasks to queue
[2026-03-09T17:13:56.412+0000] {logging_mixin.py:190} INFO - [2026-03-09T17:13:56.412+0000] {dagbag.py:588} INFO - Filling up the DagBag from /opt/airflow/dags/etl_mongo_to_postgres.py
[2026-03-09T17:13:56.424+0000] {processor.py:925} INFO - DAG(s) 'mongo_to_postgres_replication' retrieved from /opt/airflow/dags/etl_mongo_to_postgres.py
[2026-03-09T17:13:56.464+0000] {logging_mixin.py:190} INFO - [2026-03-09T17:13:56.464+0000] {dag.py:3239} INFO - Sync 1 DAGs
[2026-03-09T17:13:56.480+0000] {logging_mixin.py:190} INFO - [2026-03-09T17:13:56.480+0000] {dag.py:4180} INFO - Setting next_dagrun for mongo_to_postgres_replication to None, run_after=None
[2026-03-09T17:13:56.501+0000] {processor.py:208} INFO - Processing /opt/airflow/dags/etl_mongo_to_postgres.py took 0.103 seconds
[2026-03-09T17:14:27.233+0000] {processor.py:186} INFO - Started process (PID=1208) to work on /opt/airflow/dags/etl_mongo_to_postgres.py
[2026-03-09T17:14:27.244+0000] {processor.py:914} INFO - Processing file /opt/airflow/dags/etl_mongo_to_postgres.py for tasks to queue
[2026-03-09T17:14:27.248+0000] {logging_mixin.py:190} INFO - [2026-03-09T17:14:27.247+0000] {dagbag.py:588} INFO - Filling up the DagBag from /opt/airflow/dags/etl_mongo_to_postgres.py
[2026-03-09T17:14:27.261+0000] {processor.py:925} INFO - DAG(s) 'mongo_to_postgres_replication' retrieved from /opt/airflow/dags/etl_mongo_to_postgres.py
[2026-03-09T17:14:27.315+0000] {logging_mixin.py:190} INFO - [2026-03-09T17:14:27.315+0000] {dag.py:3239} INFO - Sync 1 DAGs
[2026-03-09T17:14:27.336+0000] {logging_mixin.py:190} INFO - [2026-03-09T17:14:27.336+0000] {dag.py:4180} INFO - Setting next_dagrun for mongo_to_postgres_replication to None, run_after=None
[2026-03-09T17:14:27.378+0000] {processor.py:208} INFO - Processing /opt/airflow/dags/etl_mongo_to_postgres.py took 0.154 seconds
[2026-03-09T17:14:58.080+0000] {processor.py:186} INFO - Started process (PID=1254) to work on /opt/airflow/dags/etl_mongo_to_postgres.py
[2026-03-09T17:14:58.081+0000] {processor.py:914} INFO - Processing file /opt/airflow/dags/etl_mongo_to_postgres.py for tasks to queue
[2026-03-09T17:14:58.084+0000] {logging_mixin.py:190} INFO - [2026-03-09T17:14:58.084+0000] {dagbag.py:588} INFO - Filling up the DagBag from /opt/airflow/dags/etl_mongo_to_postgres.py
[2026-03-09T17:14:58.097+0000] {processor.py:925} INFO - DAG(s) 'mongo_to_postgres_replication' retrieved from /opt/airflow/dags/etl_mongo_to_postgres.py
[2026-03-09T17:14:58.150+0000] {logging_mixin.py:190} INFO - [2026-03-09T17:14:58.150+0000] {dag.py:3239} INFO - Sync 1 DAGs
[2026-03-09T17:14:58.172+0000] {logging_mixin.py:190} INFO - [2026-03-09T17:14:58.172+0000] {dag.py:4180} INFO - Setting next_dagrun for mongo_to_postgres_replication to None, run_after=None
[2026-03-09T17:14:58.206+0000] {processor.py:208} INFO - Processing /opt/airflow/dags/etl_mongo_to_postgres.py took 0.137 seconds
[2026-03-09T17:15:28.860+0000] {processor.py:186} INFO - Started process (PID=1256) to work on /opt/airflow/dags/etl_mongo_to_postgres.py
[2026-03-09T17:15:28.863+0000] {processor.py:914} INFO - Processing file /opt/airflow/dags/etl_mongo_to_postgres.py for tasks to queue
[2026-03-09T17:15:28.867+0000] {logging_mixin.py:190} INFO - [2026-03-09T17:15:28.867+0000] {dagbag.py:588} INFO - Filling up the DagBag from /opt/airflow/dags/etl_mongo_to_postgres.py
[2026-03-09T17:15:28.882+0000] {processor.py:925} INFO - DAG(s) 'mongo_to_postgres_replication' retrieved from /opt/airflow/dags/etl_mongo_to_postgres.py
[2026-03-09T17:15:28.942+0000] {logging_mixin.py:190} INFO - [2026-03-09T17:15:28.942+0000] {dag.py:3239} INFO - Sync 1 DAGs
[2026-03-09T17:15:28.969+0000] {logging_mixin.py:190} INFO - [2026-03-09T17:15:28.968+0000] {dag.py:4180} INFO - Setting next_dagrun for mongo_to_postgres_replication to None, run_after=None
[2026-03-09T17:15:29.001+0000] {processor.py:208} INFO - Processing /opt/airflow/dags/etl_mongo_to_postgres.py took 0.152 seconds
[2026-03-09T17:15:59.655+0000] {processor.py:186} INFO - Started process (PID=1258) to work on /opt/airflow/dags/etl_mongo_to_postgres.py
[2026-03-09T17:15:59.656+0000] {processor.py:914} INFO - Processing file /opt/airflow/dags/etl_mongo_to_postgres.py for tasks to queue
[2026-03-09T17:15:59.660+0000] {logging_mixin.py:190} INFO - [2026-03-09T17:15:59.659+0000] {dagbag.py:588} INFO - Filling up the DagBag from /opt/airflow/dags/etl_mongo_to_postgres.py
[2026-03-09T17:15:59.672+0000] {processor.py:925} INFO - DAG(s) 'mongo_to_postgres_replication' retrieved from /opt/airflow/dags/etl_mongo_to_postgres.py
[2026-03-09T17:15:59.724+0000] {logging_mixin.py:190} INFO - [2026-03-09T17:15:59.723+0000] {dag.py:3239} INFO - Sync 1 DAGs
[2026-03-09T17:15:59.745+0000] {logging_mixin.py:190} INFO - [2026-03-09T17:15:59.745+0000] {dag.py:4180} INFO - Setting next_dagrun for mongo_to_postgres_replication to None, run_after=None
[2026-03-09T17:15:59.779+0000] {processor.py:208} INFO - Processing /opt/airflow/dags/etl_mongo_to_postgres.py took 0.134 seconds
[2026-03-09T17:16:30.475+0000] {processor.py:186} INFO - Started process (PID=1260) to work on /opt/airflow/dags/etl_mongo_to_postgres.py
[2026-03-09T17:16:30.485+0000] {processor.py:914} INFO - Processing file /opt/airflow/dags/etl_mongo_to_postgres.py for tasks to queue
[2026-03-09T17:16:30.490+0000] {logging_mixin.py:190} INFO - [2026-03-09T17:16:30.489+0000] {dagbag.py:588} INFO - Filling up the DagBag from /opt/airflow/dags/etl_mongo_to_postgres.py
[2026-03-09T17:16:30.504+0000] {processor.py:925} INFO - DAG(s) 'mongo_to_postgres_replication' retrieved from /opt/airflow/dags/etl_mongo_to_postgres.py
[2026-03-09T17:16:30.562+0000] {logging_mixin.py:190} INFO - [2026-03-09T17:16:30.561+0000] {dag.py:3239} INFO - Sync 1 DAGs
[2026-03-09T17:16:30.587+0000] {logging_mixin.py:190} INFO - [2026-03-09T17:16:30.586+0000] {dag.py:4180} INFO - Setting next_dagrun for mongo_to_postgres_replication to None, run_after=None
[2026-03-09T17:16:30.625+0000] {processor.py:208} INFO - Processing /opt/airflow/dags/etl_mongo_to_postgres.py took 0.160 seconds
[2026-03-09T17:17:01.169+0000] {processor.py:186} INFO - Started process (PID=1262) to work on /opt/airflow/dags/etl_mongo_to_postgres.py
[2026-03-09T17:17:01.171+0000] {processor.py:914} INFO - Processing file /opt/airflow/dags/etl_mongo_to_postgres.py for tasks to queue
[2026-03-09T17:17:01.174+0000] {logging_mixin.py:190} INFO - [2026-03-09T17:17:01.174+0000] {dagbag.py:588} INFO - Filling up the DagBag from /opt/airflow/dags/etl_mongo_to_postgres.py
[2026-03-09T17:17:01.191+0000] {processor.py:925} INFO - DAG(s) 'mongo_to_postgres_replication' retrieved from /opt/airflow/dags/etl_mongo_to_postgres.py
[2026-03-09T17:17:01.249+0000] {logging_mixin.py:190} INFO - [2026-03-09T17:17:01.249+0000] {dag.py:3239} INFO - Sync 1 DAGs
[2026-03-09T17:17:01.272+0000] {logging_mixin.py:190} INFO - [2026-03-09T17:17:01.272+0000] {dag.py:4180} INFO - Setting next_dagrun for mongo_to_postgres_replication to None, run_after=None
[2026-03-09T17:17:01.310+0000] {processor.py:208} INFO - Processing /opt/airflow/dags/etl_mongo_to_postgres.py took 0.153 seconds
[2026-03-09T17:17:31.975+0000] {processor.py:186} INFO - Started process (PID=1264) to work on /opt/airflow/dags/etl_mongo_to_postgres.py
[2026-03-09T17:17:31.987+0000] {processor.py:914} INFO - Processing file /opt/airflow/dags/etl_mongo_to_postgres.py for tasks to queue
[2026-03-09T17:17:31.991+0000] {logging_mixin.py:190} INFO - [2026-03-09T17:17:31.990+0000] {dagbag.py:588} INFO - Filling up the DagBag from /opt/airflow/dags/etl_mongo_to_postgres.py
[2026-03-09T17:17:32.004+0000] {processor.py:925} INFO - DAG(s) 'mongo_to_postgres_replication' retrieved from /opt/airflow/dags/etl_mongo_to_postgres.py
[2026-03-09T17:17:32.058+0000] {logging_mixin.py:190} INFO - [2026-03-09T17:17:32.058+0000] {dag.py:3239} INFO - Sync 1 DAGs
[2026-03-09T17:17:32.080+0000] {logging_mixin.py:190} INFO - [2026-03-09T17:17:32.080+0000] {dag.py:4180} INFO - Setting next_dagrun for mongo_to_postgres_replication to None, run_after=None
[2026-03-09T17:17:32.110+0000] {processor.py:208} INFO - Processing /opt/airflow/dags/etl_mongo_to_postgres.py took 0.145 seconds
[2026-03-09T17:18:02.778+0000] {processor.py:186} INFO - Started process (PID=1266) to work on /opt/airflow/dags/etl_mongo_to_postgres.py
[2026-03-09T17:18:02.779+0000] {processor.py:914} INFO - Processing file /opt/airflow/dags/etl_mongo_to_postgres.py for tasks to queue
[2026-03-09T17:18:02.782+0000] {logging_mixin.py:190} INFO - [2026-03-09T17:18:02.782+0000] {dagbag.py:588} INFO - Filling up the DagBag from /opt/airflow/dags/etl_mongo_to_postgres.py
[2026-03-09T17:18:02.794+0000] {processor.py:925} INFO - DAG(s) 'mongo_to_postgres_replication' retrieved from /opt/airflow/dags/etl_mongo_to_postgres.py
[2026-03-09T17:18:02.849+0000] {logging_mixin.py:190} INFO - [2026-03-09T17:18:02.848+0000] {dag.py:3239} INFO - Sync 1 DAGs
[2026-03-09T17:18:02.870+0000] {logging_mixin.py:190} INFO - [2026-03-09T17:18:02.870+0000] {dag.py:4180} INFO - Setting next_dagrun for mongo_to_postgres_replication to None, run_after=None
[2026-03-09T17:18:02.908+0000] {processor.py:208} INFO - Processing /opt/airflow/dags/etl_mongo_to_postgres.py took 0.140 seconds
[2026-03-09T17:18:33.570+0000] {processor.py:186} INFO - Started process (PID=1268) to work on /opt/airflow/dags/etl_mongo_to_postgres.py
[2026-03-09T17:18:33.580+0000] {processor.py:914} INFO - Processing file /opt/airflow/dags/etl_mongo_to_postgres.py for tasks to queue
[2026-03-09T17:18:33.584+0000] {logging_mixin.py:190} INFO - [2026-03-09T17:18:33.584+0000] {dagbag.py:588} INFO - Filling up the DagBag from /opt/airflow/dags/etl_mongo_to_postgres.py
[2026-03-09T17:18:33.599+0000] {processor.py:925} INFO - DAG(s) 'mongo_to_postgres_replication' retrieved from /opt/airflow/dags/etl_mongo_to_postgres.py
[2026-03-09T17:18:33.667+0000] {logging_mixin.py:190} INFO - [2026-03-09T17:18:33.666+0000] {dag.py:3239} INFO - Sync 1 DAGs
[2026-03-09T17:18:33.698+0000] {logging_mixin.py:190} INFO - [2026-03-09T17:18:33.698+0000] {dag.py:4180} INFO - Setting next_dagrun for mongo_to_postgres_replication to None, run_after=None
[2026-03-09T17:18:33.742+0000] {processor.py:208} INFO - Processing /opt/airflow/dags/etl_mongo_to_postgres.py took 0.181 seconds
[2026-03-09T17:19:04.413+0000] {processor.py:186} INFO - Started process (PID=1271) to work on /opt/airflow/dags/etl_mongo_to_postgres.py
[2026-03-09T17:19:04.424+0000] {processor.py:914} INFO - Processing file /opt/airflow/dags/etl_mongo_to_postgres.py for tasks to queue
[2026-03-09T17:19:04.428+0000] {logging_mixin.py:190} INFO - [2026-03-09T17:19:04.427+0000] {dagbag.py:588} INFO - Filling up the DagBag from /opt/airflow/dags/etl_mongo_to_postgres.py
[2026-03-09T17:19:04.443+0000] {processor.py:925} INFO - DAG(s) 'mongo_to_postgres_replication' retrieved from /opt/airflow/dags/etl_mongo_to_postgres.py
[2026-03-09T17:19:04.499+0000] {logging_mixin.py:190} INFO - [2026-03-09T17:19:04.499+0000] {dag.py:3239} INFO - Sync 1 DAGs
[2026-03-09T17:19:04.523+0000] {logging_mixin.py:190} INFO - [2026-03-09T17:19:04.522+0000] {dag.py:4180} INFO - Setting next_dagrun for mongo_to_postgres_replication to None, run_after=None
[2026-03-09T17:19:04.553+0000] {processor.py:208} INFO - Processing /opt/airflow/dags/etl_mongo_to_postgres.py took 0.152 seconds
[2026-03-09T17:19:35.156+0000] {processor.py:186} INFO - Started process (PID=1294) to work on /opt/airflow/dags/etl_mongo_to_postgres.py
[2026-03-09T17:19:35.157+0000] {processor.py:914} INFO - Processing file /opt/airflow/dags/etl_mongo_to_postgres.py for tasks to queue
[2026-03-09T17:19:35.161+0000] {logging_mixin.py:190} INFO - [2026-03-09T17:19:35.160+0000] {dagbag.py:588} INFO - Filling up the DagBag from /opt/airflow/dags/etl_mongo_to_postgres.py
[2026-03-09T17:19:35.176+0000] {processor.py:925} INFO - DAG(s) 'mongo_to_postgres_replication' retrieved from /opt/airflow/dags/etl_mongo_to_postgres.py
[2026-03-09T17:19:35.231+0000] {logging_mixin.py:190} INFO - [2026-03-09T17:19:35.230+0000] {dag.py:3239} INFO - Sync 1 DAGs
[2026-03-09T17:19:35.253+0000] {logging_mixin.py:190} INFO - [2026-03-09T17:19:35.252+0000] {dag.py:4180} INFO - Setting next_dagrun for mongo_to_postgres_replication to None, run_after=None
[2026-03-09T17:19:35.279+0000] {processor.py:208} INFO - Processing /opt/airflow/dags/etl_mongo_to_postgres.py took 0.136 seconds
[2026-03-09T17:20:05.383+0000] {processor.py:186} INFO - Started process (PID=1296) to work on /opt/airflow/dags/etl_mongo_to_postgres.py
[2026-03-09T17:20:05.395+0000] {processor.py:914} INFO - Processing file /opt/airflow/dags/etl_mongo_to_postgres.py for tasks to queue
[2026-03-09T17:20:05.400+0000] {logging_mixin.py:190} INFO - [2026-03-09T17:20:05.399+0000] {dagbag.py:588} INFO - Filling up the DagBag from /opt/airflow/dags/etl_mongo_to_postgres.py
[2026-03-09T17:20:05.414+0000] {processor.py:925} INFO - DAG(s) 'mongo_to_postgres_replication' retrieved from /opt/airflow/dags/etl_mongo_to_postgres.py
[2026-03-09T17:20:05.468+0000] {logging_mixin.py:190} INFO - [2026-03-09T17:20:05.468+0000] {dag.py:3239} INFO - Sync 1 DAGs
[2026-03-09T17:20:05.490+0000] {logging_mixin.py:190} INFO - [2026-03-09T17:20:05.490+0000] {dag.py:4180} INFO - Setting next_dagrun for mongo_to_postgres_replication to None, run_after=None
[2026-03-09T17:20:05.529+0000] {processor.py:208} INFO - Processing /opt/airflow/dags/etl_mongo_to_postgres.py took 0.156 seconds
[2026-03-09T17:20:36.120+0000] {processor.py:186} INFO - Started process (PID=1298) to work on /opt/airflow/dags/etl_mongo_to_postgres.py
[2026-03-09T17:20:36.121+0000] {processor.py:914} INFO - Processing file /opt/airflow/dags/etl_mongo_to_postgres.py for tasks to queue
[2026-03-09T17:20:36.124+0000] {logging_mixin.py:190} INFO - [2026-03-09T17:20:36.124+0000] {dagbag.py:588} INFO - Filling up the DagBag from /opt/airflow/dags/etl_mongo_to_postgres.py
[2026-03-09T17:20:36.137+0000] {processor.py:925} INFO - DAG(s) 'mongo_to_postgres_replication' retrieved from /opt/airflow/dags/etl_mongo_to_postgres.py
[2026-03-09T17:20:36.188+0000] {logging_mixin.py:190} INFO - [2026-03-09T17:20:36.187+0000] {dag.py:3239} INFO - Sync 1 DAGs
[2026-03-09T17:20:36.208+0000] {logging_mixin.py:190} INFO - [2026-03-09T17:20:36.207+0000] {dag.py:4180} INFO - Setting next_dagrun for mongo_to_postgres_replication to None, run_after=None
[2026-03-09T17:20:36.237+0000] {processor.py:208} INFO - Processing /opt/airflow/dags/etl_mongo_to_postgres.py took 0.126 seconds
[2026-03-09T17:21:06.853+0000] {processor.py:186} INFO - Started process (PID=1300) to work on /opt/airflow/dags/etl_mongo_to_postgres.py
[2026-03-09T17:21:06.864+0000] {processor.py:914} INFO - Processing file /opt/airflow/dags/etl_mongo_to_postgres.py for tasks to queue
[2026-03-09T17:21:06.868+0000] {logging_mixin.py:190} INFO - [2026-03-09T17:21:06.867+0000] {dagbag.py:588} INFO - Filling up the DagBag from /opt/airflow/dags/etl_mongo_to_postgres.py
[2026-03-09T17:21:06.883+0000] {processor.py:925} INFO - DAG(s) 'mongo_to_postgres_replication' retrieved from /opt/airflow/dags/etl_mongo_to_postgres.py
[2026-03-09T17:21:06.935+0000] {logging_mixin.py:190} INFO - [2026-03-09T17:21:06.935+0000] {dag.py:3239} INFO - Sync 1 DAGs
[2026-03-09T17:21:06.957+0000] {logging_mixin.py:190} INFO - [2026-03-09T17:21:06.956+0000] {dag.py:4180} INFO - Setting next_dagrun for mongo_to_postgres_replication to None, run_after=None
[2026-03-09T17:21:06.985+0000] {processor.py:208} INFO - Processing /opt/airflow/dags/etl_mongo_to_postgres.py took 0.142 seconds
[2026-03-09T17:21:37.516+0000] {processor.py:186} INFO - Started process (PID=1302) to work on /opt/airflow/dags/etl_mongo_to_postgres.py
[2026-03-09T17:21:37.517+0000] {processor.py:914} INFO - Processing file /opt/airflow/dags/etl_mongo_to_postgres.py for tasks to queue
[2026-03-09T17:21:37.522+0000] {logging_mixin.py:190} INFO - [2026-03-09T17:21:37.521+0000] {dagbag.py:588} INFO - Filling up the DagBag from /opt/airflow/dags/etl_mongo_to_postgres.py
[2026-03-09T17:21:37.535+0000] {processor.py:925} INFO - DAG(s) 'mongo_to_postgres_replication' retrieved from /opt/airflow/dags/etl_mongo_to_postgres.py
[2026-03-09T17:21:37.589+0000] {logging_mixin.py:190} INFO - [2026-03-09T17:21:37.588+0000] {dag.py:3239} INFO - Sync 1 DAGs
[2026-03-09T17:21:37.610+0000] {logging_mixin.py:190} INFO - [2026-03-09T17:21:37.610+0000] {dag.py:4180} INFO - Setting next_dagrun for mongo_to_postgres_replication to None, run_after=None
[2026-03-09T17:21:37.649+0000] {processor.py:208} INFO - Processing /opt/airflow/dags/etl_mongo_to_postgres.py took 0.144 seconds
[2026-03-09T17:22:08.272+0000] {processor.py:186} INFO - Started process (PID=1304) to work on /opt/airflow/dags/etl_mongo_to_postgres.py
[2026-03-09T17:22:08.282+0000] {processor.py:914} INFO - Processing file /opt/airflow/dags/etl_mongo_to_postgres.py for tasks to queue
[2026-03-09T17:22:08.287+0000] {logging_mixin.py:190} INFO - [2026-03-09T17:22:08.286+0000] {dagbag.py:588} INFO - Filling up the DagBag from /opt/airflow/dags/etl_mongo_to_postgres.py
[2026-03-09T17:22:08.300+0000] {processor.py:925} INFO - DAG(s) 'mongo_to_postgres_replication' retrieved from /opt/airflow/dags/etl_mongo_to_postgres.py
[2026-03-09T17:22:08.352+0000] {logging_mixin.py:190} INFO - [2026-03-09T17:22:08.351+0000] {dag.py:3239} INFO - Sync 1 DAGs
[2026-03-09T17:22:08.372+0000] {logging_mixin.py:190} INFO - [2026-03-09T17:22:08.372+0000] {dag.py:4180} INFO - Setting next_dagrun for mongo_to_postgres_replication to None, run_after=None
[2026-03-09T17:22:08.410+0000] {processor.py:208} INFO - Processing /opt/airflow/dags/etl_mongo_to_postgres.py took 0.149 seconds
[2026-03-09T17:22:39.053+0000] {processor.py:186} INFO - Started process (PID=1306) to work on /opt/airflow/dags/etl_mongo_to_postgres.py
[2026-03-09T17:22:39.055+0000] {processor.py:914} INFO - Processing file /opt/airflow/dags/etl_mongo_to_postgres.py for tasks to queue
[2026-03-09T17:22:39.058+0000] {logging_mixin.py:190} INFO - [2026-03-09T17:22:39.058+0000] {dagbag.py:588} INFO - Filling up the DagBag from /opt/airflow/dags/etl_mongo_to_postgres.py
[2026-03-09T17:22:39.071+0000] {processor.py:925} INFO - DAG(s) 'mongo_to_postgres_replication' retrieved from /opt/airflow/dags/etl_mongo_to_postgres.py
[2026-03-09T17:22:39.123+0000] {logging_mixin.py:190} INFO - [2026-03-09T17:22:39.123+0000] {dag.py:3239} INFO - Sync 1 DAGs
[2026-03-09T17:22:39.144+0000] {logging_mixin.py:190} INFO - [2026-03-09T17:22:39.143+0000] {dag.py:4180} INFO - Setting next_dagrun for mongo_to_postgres_replication to None, run_after=None
[2026-03-09T17:22:39.173+0000] {processor.py:208} INFO - Processing /opt/airflow/dags/etl_mongo_to_postgres.py took 0.131 seconds
[2026-03-09T17:23:09.770+0000] {processor.py:186} INFO - Started process (PID=1308) to work on /opt/airflow/dags/etl_mongo_to_postgres.py
[2026-03-09T17:23:09.773+0000] {processor.py:914} INFO - Processing file /opt/airflow/dags/etl_mongo_to_postgres.py for tasks to queue
[2026-03-09T17:23:09.778+0000] {logging_mixin.py:190} INFO - [2026-03-09T17:23:09.777+0000] {dagbag.py:588} INFO - Filling up the DagBag from /opt/airflow/dags/etl_mongo_to_postgres.py
[2026-03-09T17:23:09.791+0000] {processor.py:925} INFO - DAG(s) 'mongo_to_postgres_replication' retrieved from /opt/airflow/dags/etl_mongo_to_postgres.py
[2026-03-09T17:23:09.843+0000] {logging_mixin.py:190} INFO - [2026-03-09T17:23:09.843+0000] {dag.py:3239} INFO - Sync 1 DAGs
[2026-03-09T17:23:09.863+0000] {logging_mixin.py:190} INFO - [2026-03-09T17:23:09.863+0000] {dag.py:4180} INFO - Setting next_dagrun for mongo_to_postgres_replication to None, run_after=None
[2026-03-09T17:23:09.889+0000] {processor.py:208} INFO - Processing /opt/airflow/dags/etl_mongo_to_postgres.py took 0.130 seconds
[2026-03-09T17:23:40.473+0000] {processor.py:186} INFO - Started process (PID=1310) to work on /opt/airflow/dags/etl_mongo_to_postgres.py
[2026-03-09T17:23:40.477+0000] {processor.py:914} INFO - Processing file /opt/airflow/dags/etl_mongo_to_postgres.py for tasks to queue
[2026-03-09T17:23:40.482+0000] {logging_mixin.py:190} INFO - [2026-03-09T17:23:40.481+0000] {dagbag.py:588} INFO - Filling up the DagBag from /opt/airflow/dags/etl_mongo_to_postgres.py
[2026-03-09T17:23:40.496+0000] {processor.py:925} INFO - DAG(s) 'mongo_to_postgres_replication' retrieved from /opt/airflow/dags/etl_mongo_to_postgres.py
[2026-03-09T17:23:40.546+0000] {logging_mixin.py:190} INFO - [2026-03-09T17:23:40.546+0000] {dag.py:3239} INFO - Sync 1 DAGs
[2026-03-09T17:23:40.566+0000] {logging_mixin.py:190} INFO - [2026-03-09T17:23:40.566+0000] {dag.py:4180} INFO - Setting next_dagrun for mongo_to_postgres_replication to None, run_after=None
[2026-03-09T17:23:40.602+0000] {processor.py:208} INFO - Processing /opt/airflow/dags/etl_mongo_to_postgres.py took 0.139 seconds
[2026-03-09T17:24:11.235+0000] {processor.py:186} INFO - Started process (PID=1312) to work on /opt/airflow/dags/etl_mongo_to_postgres.py
[2026-03-09T17:24:11.237+0000] {processor.py:914} INFO - Processing file /opt/airflow/dags/etl_mongo_to_postgres.py for tasks to queue
[2026-03-09T17:24:11.241+0000] {logging_mixin.py:190} INFO - [2026-03-09T17:24:11.240+0000] {dagbag.py:588} INFO - Filling up the DagBag from /opt/airflow/dags/etl_mongo_to_postgres.py
[2026-03-09T17:24:11.255+0000] {processor.py:925} INFO - DAG(s) 'mongo_to_postgres_replication' retrieved from /opt/airflow/dags/etl_mongo_to_postgres.py
[2026-03-09T17:24:11.307+0000] {logging_mixin.py:190} INFO - [2026-03-09T17:24:11.306+0000] {dag.py:3239} INFO - Sync 1 DAGs
[2026-03-09T17:24:11.328+0000] {logging_mixin.py:190} INFO - [2026-03-09T17:24:11.328+0000] {dag.py:4180} INFO - Setting next_dagrun for mongo_to_postgres_replication to None, run_after=None
[2026-03-09T17:24:11.358+0000] {processor.py:208} INFO - Processing /opt/airflow/dags/etl_mongo_to_postgres.py took 0.135 seconds
[2026-03-09T17:24:41.971+0000] {processor.py:186} INFO - Started process (PID=1314) to work on /opt/airflow/dags/etl_mongo_to_postgres.py
[2026-03-09T17:24:41.981+0000] {processor.py:914} INFO - Processing file /opt/airflow/dags/etl_mongo_to_postgres.py for tasks to queue
[2026-03-09T17:24:41.985+0000] {logging_mixin.py:190} INFO - [2026-03-09T17:24:41.984+0000] {dagbag.py:588} INFO - Filling up the DagBag from /opt/airflow/dags/etl_mongo_to_postgres.py
[2026-03-09T17:24:41.998+0000] {processor.py:925} INFO - DAG(s) 'mongo_to_postgres_replication' retrieved from /opt/airflow/dags/etl_mongo_to_postgres.py
[2026-03-09T17:24:42.049+0000] {logging_mixin.py:190} INFO - [2026-03-09T17:24:42.048+0000] {dag.py:3239} INFO - Sync 1 DAGs
[2026-03-09T17:24:42.070+0000] {logging_mixin.py:190} INFO - [2026-03-09T17:24:42.069+0000] {dag.py:4180} INFO - Setting next_dagrun for mongo_to_postgres_replication to None, run_after=None
[2026-03-09T17:24:42.103+0000] {processor.py:208} INFO - Processing /opt/airflow/dags/etl_mongo_to_postgres.py took 0.141 seconds
[2026-03-09T17:25:12.941+0000] {processor.py:186} INFO - Started process (PID=1316) to work on /opt/airflow/dags/etl_mongo_to_postgres.py
[2026-03-09T17:25:12.942+0000] {processor.py:914} INFO - Processing file /opt/airflow/dags/etl_mongo_to_postgres.py for tasks to queue
[2026-03-09T17:25:12.946+0000] {logging_mixin.py:190} INFO - [2026-03-09T17:25:12.945+0000] {dagbag.py:588} INFO - Filling up the DagBag from /opt/airflow/dags/etl_mongo_to_postgres.py
[2026-03-09T17:25:12.958+0000] {processor.py:925} INFO - DAG(s) 'mongo_to_postgres_replication' retrieved from /opt/airflow/dags/etl_mongo_to_postgres.py
[2026-03-09T17:25:13.004+0000] {logging_mixin.py:190} INFO - [2026-03-09T17:25:13.004+0000] {dag.py:3239} INFO - Sync 1 DAGs
[2026-03-09T17:25:13.023+0000] {logging_mixin.py:190} INFO - [2026-03-09T17:25:13.023+0000] {dag.py:4180} INFO - Setting next_dagrun for mongo_to_postgres_replication to None, run_after=None
[2026-03-09T17:25:13.050+0000] {processor.py:208} INFO - Processing /opt/airflow/dags/etl_mongo_to_postgres.py took 0.119 seconds
[2026-03-09T17:25:43.593+0000] {processor.py:186} INFO - Started process (PID=1318) to work on /opt/airflow/dags/etl_mongo_to_postgres.py
[2026-03-09T17:25:43.603+0000] {processor.py:914} INFO - Processing file /opt/airflow/dags/etl_mongo_to_postgres.py for tasks to queue
[2026-03-09T17:25:43.607+0000] {logging_mixin.py:190} INFO - [2026-03-09T17:25:43.607+0000] {dagbag.py:588} INFO - Filling up the DagBag from /opt/airflow/dags/etl_mongo_to_postgres.py
[2026-03-09T17:25:43.621+0000] {processor.py:925} INFO - DAG(s) 'mongo_to_postgres_replication' retrieved from /opt/airflow/dags/etl_mongo_to_postgres.py
[2026-03-09T17:25:43.672+0000] {logging_mixin.py:190} INFO - [2026-03-09T17:25:43.672+0000] {dag.py:3239} INFO - Sync 1 DAGs
[2026-03-09T17:25:43.694+0000] {logging_mixin.py:190} INFO - [2026-03-09T17:25:43.694+0000] {dag.py:4180} INFO - Setting next_dagrun for mongo_to_postgres_replication to None, run_after=None
[2026-03-09T17:25:43.724+0000] {processor.py:208} INFO - Processing /opt/airflow/dags/etl_mongo_to_postgres.py took 0.142 seconds
[2026-03-09T17:26:14.403+0000] {processor.py:186} INFO - Started process (PID=1320) to work on /opt/airflow/dags/etl_mongo_to_postgres.py
[2026-03-09T17:26:14.405+0000] {processor.py:914} INFO - Processing file /opt/airflow/dags/etl_mongo_to_postgres.py for tasks to queue
[2026-03-09T17:26:14.408+0000] {logging_mixin.py:190} INFO - [2026-03-09T17:26:14.407+0000] {dagbag.py:588} INFO - Filling up the DagBag from /opt/airflow/dags/etl_mongo_to_postgres.py
[2026-03-09T17:26:14.421+0000] {processor.py:925} INFO - DAG(s) 'mongo_to_postgres_replication' retrieved from /opt/airflow/dags/etl_mongo_to_postgres.py
[2026-03-09T17:26:14.475+0000] {logging_mixin.py:190} INFO - [2026-03-09T17:26:14.475+0000] {dag.py:3239} INFO - Sync 1 DAGs
[2026-03-09T17:26:14.497+0000] {logging_mixin.py:190} INFO - [2026-03-09T17:26:14.496+0000] {dag.py:4180} INFO - Setting next_dagrun for mongo_to_postgres_replication to None, run_after=None
[2026-03-09T17:26:14.536+0000] {processor.py:208} INFO - Processing /opt/airflow/dags/etl_mongo_to_postgres.py took 0.144 seconds
[2026-03-09T17:26:45.191+0000] {processor.py:186} INFO - Started process (PID=1322) to work on /opt/airflow/dags/etl_mongo_to_postgres.py
[2026-03-09T17:26:45.203+0000] {processor.py:914} INFO - Processing file /opt/airflow/dags/etl_mongo_to_postgres.py for tasks to queue
[2026-03-09T17:26:45.207+0000] {logging_mixin.py:190} INFO - [2026-03-09T17:26:45.207+0000] {dagbag.py:588} INFO - Filling up the DagBag from /opt/airflow/dags/etl_mongo_to_postgres.py
[2026-03-09T17:26:45.221+0000] {processor.py:925} INFO - DAG(s) 'mongo_to_postgres_replication' retrieved from /opt/airflow/dags/etl_mongo_to_postgres.py
[2026-03-09T17:26:45.271+0000] {logging_mixin.py:190} INFO - [2026-03-09T17:26:45.271+0000] {dag.py:3239} INFO - Sync 1 DAGs
[2026-03-09T17:26:45.291+0000] {logging_mixin.py:190} INFO - [2026-03-09T17:26:45.291+0000] {dag.py:4180} INFO - Setting next_dagrun for mongo_to_postgres_replication to None, run_after=None
[2026-03-09T17:26:45.321+0000] {processor.py:208} INFO - Processing /opt/airflow/dags/etl_mongo_to_postgres.py took 0.141 seconds
[2026-03-09T17:27:16.000+0000] {processor.py:186} INFO - Started process (PID=1324) to work on /opt/airflow/dags/etl_mongo_to_postgres.py
[2026-03-09T17:27:16.001+0000] {processor.py:914} INFO - Processing file /opt/airflow/dags/etl_mongo_to_postgres.py for tasks to queue
[2026-03-09T17:27:16.005+0000] {logging_mixin.py:190} INFO - [2026-03-09T17:27:16.004+0000] {dagbag.py:588} INFO - Filling up the DagBag from /opt/airflow/dags/etl_mongo_to_postgres.py
[2026-03-09T17:27:16.018+0000] {processor.py:925} INFO - DAG(s) 'mongo_to_postgres_replication' retrieved from /opt/airflow/dags/etl_mongo_to_postgres.py
[2026-03-09T17:27:16.069+0000] {logging_mixin.py:190} INFO - [2026-03-09T17:27:16.068+0000] {dag.py:3239} INFO - Sync 1 DAGs
[2026-03-09T17:27:16.088+0000] {logging_mixin.py:190} INFO - [2026-03-09T17:27:16.088+0000] {dag.py:4180} INFO - Setting next_dagrun for mongo_to_postgres_replication to None, run_after=None
[2026-03-09T17:27:16.117+0000] {processor.py:208} INFO - Processing /opt/airflow/dags/etl_mongo_to_postgres.py took 0.129 seconds
[2026-03-09T17:27:46.752+0000] {processor.py:186} INFO - Started process (PID=1326) to work on /opt/airflow/dags/etl_mongo_to_postgres.py
[2026-03-09T17:27:46.762+0000] {processor.py:914} INFO - Processing file /opt/airflow/dags/etl_mongo_to_postgres.py for tasks to queue
[2026-03-09T17:27:46.767+0000] {logging_mixin.py:190} INFO - [2026-03-09T17:27:46.766+0000] {dagbag.py:588} INFO - Filling up the DagBag from /opt/airflow/dags/etl_mongo_to_postgres.py
[2026-03-09T17:27:46.783+0000] {processor.py:925} INFO - DAG(s) 'mongo_to_postgres_replication' retrieved from /opt/airflow/dags/etl_mongo_to_postgres.py
[2026-03-09T17:27:46.838+0000] {logging_mixin.py:190} INFO - [2026-03-09T17:27:46.837+0000] {dag.py:3239} INFO - Sync 1 DAGs
[2026-03-09T17:27:46.863+0000] {logging_mixin.py:190} INFO - [2026-03-09T17:27:46.863+0000] {dag.py:4180} INFO - Setting next_dagrun for mongo_to_postgres_replication to None, run_after=None
[2026-03-09T17:27:46.904+0000] {processor.py:208} INFO - Processing /opt/airflow/dags/etl_mongo_to_postgres.py took 0.165 seconds
[2026-03-09T17:28:17.451+0000] {processor.py:186} INFO - Started process (PID=1328) to work on /opt/airflow/dags/etl_mongo_to_postgres.py
[2026-03-09T17:28:17.453+0000] {processor.py:914} INFO - Processing file /opt/airflow/dags/etl_mongo_to_postgres.py for tasks to queue
[2026-03-09T17:28:17.456+0000] {logging_mixin.py:190} INFO - [2026-03-09T17:28:17.456+0000] {dagbag.py:588} INFO - Filling up the DagBag from /opt/airflow/dags/etl_mongo_to_postgres.py
[2026-03-09T17:28:17.469+0000] {processor.py:925} INFO - DAG(s) 'mongo_to_postgres_replication' retrieved from /opt/airflow/dags/etl_mongo_to_postgres.py
[2026-03-09T17:28:17.526+0000] {logging_mixin.py:190} INFO - [2026-03-09T17:28:17.526+0000] {dag.py:3239} INFO - Sync 1 DAGs
[2026-03-09T17:28:17.548+0000] {logging_mixin.py:190} INFO - [2026-03-09T17:28:17.548+0000] {dag.py:4180} INFO - Setting next_dagrun for mongo_to_postgres_replication to None, run_after=None
[2026-03-09T17:28:17.575+0000] {processor.py:208} INFO - Processing /opt/airflow/dags/etl_mongo_to_postgres.py took 0.135 seconds
[2026-03-09T17:28:48.190+0000] {processor.py:186} INFO - Started process (PID=1330) to work on /opt/airflow/dags/etl_mongo_to_postgres.py
[2026-03-09T17:28:48.192+0000] {processor.py:914} INFO - Processing file /opt/airflow/dags/etl_mongo_to_postgres.py for tasks to queue
[2026-03-09T17:28:48.195+0000] {logging_mixin.py:190} INFO - [2026-03-09T17:28:48.195+0000] {dagbag.py:588} INFO - Filling up the DagBag from /opt/airflow/dags/etl_mongo_to_postgres.py
[2026-03-09T17:28:48.208+0000] {processor.py:925} INFO - DAG(s) 'mongo_to_postgres_replication' retrieved from /opt/airflow/dags/etl_mongo_to_postgres.py
[2026-03-09T17:28:48.259+0000] {logging_mixin.py:190} INFO - [2026-03-09T17:28:48.259+0000] {dag.py:3239} INFO - Sync 1 DAGs
[2026-03-09T17:28:48.282+0000] {logging_mixin.py:190} INFO - [2026-03-09T17:28:48.281+0000] {dag.py:4180} INFO - Setting next_dagrun for mongo_to_postgres_replication to None, run_after=None
[2026-03-09T17:28:48.314+0000] {processor.py:208} INFO - Processing /opt/airflow/dags/etl_mongo_to_postgres.py took 0.134 seconds
[2026-03-09T17:29:19.004+0000] {processor.py:186} INFO - Started process (PID=1332) to work on /opt/airflow/dags/etl_mongo_to_postgres.py
[2026-03-09T17:29:19.006+0000] {processor.py:914} INFO - Processing file /opt/airflow/dags/etl_mongo_to_postgres.py for tasks to queue
[2026-03-09T17:29:19.009+0000] {logging_mixin.py:190} INFO - [2026-03-09T17:29:19.009+0000] {dagbag.py:588} INFO - Filling up the DagBag from /opt/airflow/dags/etl_mongo_to_postgres.py
[2026-03-09T17:29:19.022+0000] {processor.py:925} INFO - DAG(s) 'mongo_to_postgres_replication' retrieved from /opt/airflow/dags/etl_mongo_to_postgres.py
[2026-03-09T17:29:19.075+0000] {logging_mixin.py:190} INFO - [2026-03-09T17:29:19.074+0000] {dag.py:3239} INFO - Sync 1 DAGs
[2026-03-09T17:29:19.097+0000] {logging_mixin.py:190} INFO - [2026-03-09T17:29:19.096+0000] {dag.py:4180} INFO - Setting next_dagrun for mongo_to_postgres_replication to None, run_after=None
[2026-03-09T17:29:19.138+0000] {processor.py:208} INFO - Processing /opt/airflow/dags/etl_mongo_to_postgres.py took 0.144 seconds
[2026-03-09T17:29:48.972+0000] {processor.py:186} INFO - Started process (PID=1334) to work on /opt/airflow/dags/etl_mongo_to_postgres.py
[2026-03-09T17:29:48.975+0000] {processor.py:914} INFO - Processing file /opt/airflow/dags/etl_mongo_to_postgres.py for tasks to queue
[2026-03-09T17:29:48.979+0000] {logging_mixin.py:190} INFO - [2026-03-09T17:29:48.978+0000] {dagbag.py:588} INFO - Filling up the DagBag from /opt/airflow/dags/etl_mongo_to_postgres.py
[2026-03-09T17:29:48.993+0000] {processor.py:925} INFO - DAG(s) 'mongo_to_postgres_replication' retrieved from /opt/airflow/dags/etl_mongo_to_postgres.py
[2026-03-09T17:29:49.048+0000] {logging_mixin.py:190} INFO - [2026-03-09T17:29:49.047+0000] {dag.py:3239} INFO - Sync 1 DAGs
[2026-03-09T17:29:49.069+0000] {logging_mixin.py:190} INFO - [2026-03-09T17:29:49.068+0000] {dag.py:4180} INFO - Setting next_dagrun for mongo_to_postgres_replication to None, run_after=None
[2026-03-09T17:29:49.096+0000] {processor.py:208} INFO - Processing /opt/airflow/dags/etl_mongo_to_postgres.py took 0.135 seconds
[2026-03-09T17:30:19.685+0000] {processor.py:186} INFO - Started process (PID=1336) to work on /opt/airflow/dags/etl_mongo_to_postgres.py
[2026-03-09T17:30:19.687+0000] {processor.py:914} INFO - Processing file /opt/airflow/dags/etl_mongo_to_postgres.py for tasks to queue
[2026-03-09T17:30:19.690+0000] {logging_mixin.py:190} INFO - [2026-03-09T17:30:19.690+0000] {dagbag.py:588} INFO - Filling up the DagBag from /opt/airflow/dags/etl_mongo_to_postgres.py
[2026-03-09T17:30:19.705+0000] {processor.py:925} INFO - DAG(s) 'mongo_to_postgres_replication' retrieved from /opt/airflow/dags/etl_mongo_to_postgres.py
[2026-03-09T17:30:19.763+0000] {logging_mixin.py:190} INFO - [2026-03-09T17:30:19.762+0000] {dag.py:3239} INFO - Sync 1 DAGs
[2026-03-09T17:30:19.786+0000] {logging_mixin.py:190} INFO - [2026-03-09T17:30:19.786+0000] {dag.py:4180} INFO - Setting next_dagrun for mongo_to_postgres_replication to None, run_after=None
[2026-03-09T17:30:19.829+0000] {processor.py:208} INFO - Processing /opt/airflow/dags/etl_mongo_to_postgres.py took 0.155 seconds
[2026-03-09T17:30:50.421+0000] {processor.py:186} INFO - Started process (PID=1338) to work on /opt/airflow/dags/etl_mongo_to_postgres.py
[2026-03-09T17:30:50.423+0000] {processor.py:914} INFO - Processing file /opt/airflow/dags/etl_mongo_to_postgres.py for tasks to queue
[2026-03-09T17:30:50.427+0000] {logging_mixin.py:190} INFO - [2026-03-09T17:30:50.427+0000] {dagbag.py:588} INFO - Filling up the DagBag from /opt/airflow/dags/etl_mongo_to_postgres.py
[2026-03-09T17:30:50.440+0000] {processor.py:925} INFO - DAG(s) 'mongo_to_postgres_replication' retrieved from /opt/airflow/dags/etl_mongo_to_postgres.py
[2026-03-09T17:30:50.489+0000] {logging_mixin.py:190} INFO - [2026-03-09T17:30:50.489+0000] {dag.py:3239} INFO - Sync 1 DAGs
[2026-03-09T17:30:50.512+0000] {logging_mixin.py:190} INFO - [2026-03-09T17:30:50.511+0000] {dag.py:4180} INFO - Setting next_dagrun for mongo_to_postgres_replication to None, run_after=None
[2026-03-09T17:30:50.541+0000] {processor.py:208} INFO - Processing /opt/airflow/dags/etl_mongo_to_postgres.py took 0.131 seconds
