[2026-03-09T16:12:22.533+0000] {manager.py:483} INFO - Processing files using up to 2 processes at a time 
[2026-03-09T16:12:22.533+0000] {manager.py:484} INFO - Process each file at most once every 30 seconds
[2026-03-09T16:12:22.533+0000] {manager.py:485} INFO - Checking for new files in /opt/airflow/dags every 300 seconds
[2026-03-09T16:12:22.533+0000] {manager.py:821} INFO - Searching for files in /opt/airflow/dags
[2026-03-09T16:12:22.534+0000] {manager.py:824} INFO - There are 0 files in /opt/airflow/dags
[2026-03-09T16:17:23.282+0000] {manager.py:821} INFO - Searching for files in /opt/airflow/dags
[2026-03-09T16:17:23.283+0000] {manager.py:824} INFO - There are 0 files in /opt/airflow/dags
[2026-03-09T16:22:23.973+0000] {manager.py:821} INFO - Searching for files in /opt/airflow/dags
[2026-03-09T16:22:23.974+0000] {manager.py:824} INFO - There are 1 files in /opt/airflow/dags
[2026-03-09T16:22:24.182+0000] {manager.py:997} INFO - 
================================================================================
DAG File Processing Stats

File Path                                     PID  Runtime      # DAGs    # Errors  Last Runtime    Last Run      Last # of DB Queries
------------------------------------------  -----  ---------  --------  ----------  --------------  ----------  ----------------------
/opt/airflow/dags/etl_mongo_to_postgres.py     55  0.01s             0           0                                                   0
================================================================================
[2026-03-09T16:22:54.217+0000] {manager.py:997} INFO - 
================================================================================
DAG File Processing Stats

File Path                                   PID    Runtime      # DAGs    # Errors  Last Runtime    Last Run               Last # of DB Queries
------------------------------------------  -----  ---------  --------  ----------  --------------  -------------------  ----------------------
/opt/airflow/dags/etl_mongo_to_postgres.py                           1           0  0.35s           2026-03-09T16:22:24                      43
================================================================================
[2026-03-09T16:23:24.593+0000] {manager.py:997} INFO - 
================================================================================
DAG File Processing Stats

File Path                                   PID    Runtime      # DAGs    # Errors  Last Runtime    Last Run               Last # of DB Queries
------------------------------------------  -----  ---------  --------  ----------  --------------  -------------------  ----------------------
/opt/airflow/dags/etl_mongo_to_postgres.py                           1           0  0.12s           2026-03-09T16:22:54                      10
================================================================================
[2026-03-09T16:23:54.753+0000] {manager.py:997} INFO - 
================================================================================
DAG File Processing Stats

File Path                                   PID    Runtime      # DAGs    # Errors  Last Runtime    Last Run               Last # of DB Queries
------------------------------------------  -----  ---------  --------  ----------  --------------  -------------------  ----------------------
/opt/airflow/dags/etl_mongo_to_postgres.py                           1           0  0.10s           2026-03-09T16:23:24                      10
================================================================================
[2026-03-09T16:24:24.874+0000] {manager.py:997} INFO - 
================================================================================
DAG File Processing Stats

File Path                                   PID    Runtime      # DAGs    # Errors  Last Runtime    Last Run               Last # of DB Queries
------------------------------------------  -----  ---------  --------  ----------  --------------  -------------------  ----------------------
/opt/airflow/dags/etl_mongo_to_postgres.py                           1           0  0.09s           2026-03-09T16:23:54                      10
================================================================================
[2026-03-09T16:24:32.727+0000] {manager.py:465} INFO - Exiting gracefully upon receiving signal 15
[2026-03-09T16:24:43.537+0000] {manager.py:483} INFO - Processing files using up to 2 processes at a time 
[2026-03-09T16:24:43.538+0000] {manager.py:484} INFO - Process each file at most once every 30 seconds
[2026-03-09T16:24:43.538+0000] {manager.py:485} INFO - Checking for new files in /opt/airflow/dags every 300 seconds
[2026-03-09T16:24:43.538+0000] {manager.py:821} INFO - Searching for files in /opt/airflow/dags
[2026-03-09T16:24:43.539+0000] {manager.py:824} INFO - There are 1 files in /opt/airflow/dags
[2026-03-09T16:24:43.827+0000] {manager.py:997} INFO - 
================================================================================
DAG File Processing Stats

File Path                                     PID  Runtime      # DAGs    # Errors  Last Runtime    Last Run      Last # of DB Queries
------------------------------------------  -----  ---------  --------  ----------  --------------  ----------  ----------------------
/opt/airflow/dags/etl_mongo_to_postgres.py     54  0.02s             0           0                                                   0
================================================================================
[2026-03-09T16:25:13.851+0000] {manager.py:997} INFO - 
================================================================================
DAG File Processing Stats

File Path                                   PID    Runtime      # DAGs    # Errors  Last Runtime    Last Run               Last # of DB Queries
------------------------------------------  -----  ---------  --------  ----------  --------------  -------------------  ----------------------
/opt/airflow/dags/etl_mongo_to_postgres.py                           1           0  0.09s           2026-03-09T16:24:43                      10
================================================================================
[2026-03-09T16:25:43.894+0000] {manager.py:997} INFO - 
================================================================================
DAG File Processing Stats

File Path                                   PID    Runtime      # DAGs    # Errors  Last Runtime    Last Run               Last # of DB Queries
------------------------------------------  -----  ---------  --------  ----------  --------------  -------------------  ----------------------
/opt/airflow/dags/etl_mongo_to_postgres.py                           1           0  0.10s           2026-03-09T16:25:14                      10
================================================================================
[2026-03-09T16:26:14.025+0000] {manager.py:997} INFO - 
================================================================================
DAG File Processing Stats

File Path                                   PID    Runtime      # DAGs    # Errors  Last Runtime    Last Run               Last # of DB Queries
------------------------------------------  -----  ---------  --------  ----------  --------------  -------------------  ----------------------
/opt/airflow/dags/etl_mongo_to_postgres.py                           1           0  0.09s           2026-03-09T16:25:45                      10
================================================================================
[2026-03-09T16:26:44.127+0000] {manager.py:997} INFO - 
================================================================================
DAG File Processing Stats

File Path                                   PID    Runtime      # DAGs    # Errors  Last Runtime    Last Run               Last # of DB Queries
------------------------------------------  -----  ---------  --------  ----------  --------------  -------------------  ----------------------
/opt/airflow/dags/etl_mongo_to_postgres.py                           1           0  0.09s           2026-03-09T16:26:16                      10
================================================================================
[2026-03-09T16:27:14.208+0000] {manager.py:997} INFO - 
================================================================================
DAG File Processing Stats

File Path                                   PID    Runtime      # DAGs    # Errors  Last Runtime    Last Run               Last # of DB Queries
------------------------------------------  -----  ---------  --------  ----------  --------------  -------------------  ----------------------
/opt/airflow/dags/etl_mongo_to_postgres.py                           1           0  0.08s           2026-03-09T16:26:46                      10
================================================================================
[2026-03-09T16:27:44.289+0000] {manager.py:997} INFO - 
================================================================================
DAG File Processing Stats

File Path                                   PID    Runtime      # DAGs    # Errors  Last Runtime    Last Run               Last # of DB Queries
------------------------------------------  -----  ---------  --------  ----------  --------------  -------------------  ----------------------
/opt/airflow/dags/etl_mongo_to_postgres.py                           1           0  0.09s           2026-03-09T16:27:17                      10
================================================================================
[2026-03-09T16:28:14.395+0000] {manager.py:997} INFO - 
================================================================================
DAG File Processing Stats

File Path                                   PID    Runtime      # DAGs    # Errors  Last Runtime    Last Run               Last # of DB Queries
------------------------------------------  -----  ---------  --------  ----------  --------------  -------------------  ----------------------
/opt/airflow/dags/etl_mongo_to_postgres.py                           1           0  0.10s           2026-03-09T16:27:47                      10
================================================================================
[2026-03-09T16:28:44.545+0000] {manager.py:997} INFO - 
================================================================================
DAG File Processing Stats

File Path                                   PID    Runtime      # DAGs    # Errors  Last Runtime    Last Run               Last # of DB Queries
------------------------------------------  -----  ---------  --------  ----------  --------------  -------------------  ----------------------
/opt/airflow/dags/etl_mongo_to_postgres.py                           1           0  0.09s           2026-03-09T16:28:17                      10
================================================================================
[2026-03-09T16:29:14.602+0000] {manager.py:997} INFO - 
================================================================================
DAG File Processing Stats

File Path                                   PID    Runtime      # DAGs    # Errors  Last Runtime    Last Run               Last # of DB Queries
------------------------------------------  -----  ---------  --------  ----------  --------------  -------------------  ----------------------
/opt/airflow/dags/etl_mongo_to_postgres.py                           1           0  0.09s           2026-03-09T16:28:47                      10
================================================================================
[2026-03-09T16:29:43.702+0000] {manager.py:821} INFO - Searching for files in /opt/airflow/dags
[2026-03-09T16:29:43.704+0000] {manager.py:824} INFO - There are 1 files in /opt/airflow/dags
[2026-03-09T16:29:44.728+0000] {manager.py:997} INFO - 
================================================================================
DAG File Processing Stats

File Path                                   PID    Runtime      # DAGs    # Errors  Last Runtime    Last Run               Last # of DB Queries
------------------------------------------  -----  ---------  --------  ----------  --------------  -------------------  ----------------------
/opt/airflow/dags/etl_mongo_to_postgres.py                           1           0  0.09s           2026-03-09T16:29:17                      10
================================================================================
[2026-03-09T16:30:14.834+0000] {manager.py:997} INFO - 
================================================================================
DAG File Processing Stats

File Path                                   PID    Runtime      # DAGs    # Errors  Last Runtime    Last Run               Last # of DB Queries
------------------------------------------  -----  ---------  --------  ----------  --------------  -------------------  ----------------------
/opt/airflow/dags/etl_mongo_to_postgres.py                           1           0  0.10s           2026-03-09T16:29:47                      10
================================================================================
[2026-03-09T16:30:44.931+0000] {manager.py:997} INFO - 
================================================================================
DAG File Processing Stats

File Path                                   PID    Runtime      # DAGs    # Errors  Last Runtime    Last Run               Last # of DB Queries
------------------------------------------  -----  ---------  --------  ----------  --------------  -------------------  ----------------------
/opt/airflow/dags/etl_mongo_to_postgres.py                           1           0  0.08s           2026-03-09T16:30:18                      10
================================================================================
[2026-03-09T16:31:15.018+0000] {manager.py:997} INFO - 
================================================================================
DAG File Processing Stats

File Path                                   PID    Runtime      # DAGs    # Errors  Last Runtime    Last Run               Last # of DB Queries
------------------------------------------  -----  ---------  --------  ----------  --------------  -------------------  ----------------------
/opt/airflow/dags/etl_mongo_to_postgres.py                           1           0  0.09s           2026-03-09T16:30:48                      10
================================================================================
[2026-03-09T16:31:45.119+0000] {manager.py:997} INFO - 
================================================================================
DAG File Processing Stats

File Path                                   PID    Runtime      # DAGs    # Errors  Last Runtime    Last Run               Last # of DB Queries
------------------------------------------  -----  ---------  --------  ----------  --------------  -------------------  ----------------------
/opt/airflow/dags/etl_mongo_to_postgres.py                           1           0  0.08s           2026-03-09T16:31:19                      10
================================================================================
[2026-03-09T16:32:15.075+0000] {manager.py:997} INFO - 
================================================================================
DAG File Processing Stats

File Path                                   PID    Runtime      # DAGs    # Errors  Last Runtime    Last Run               Last # of DB Queries
------------------------------------------  -----  ---------  --------  ----------  --------------  -------------------  ----------------------
/opt/airflow/dags/etl_mongo_to_postgres.py                           1           0  0.09s           2026-03-09T16:31:49                      10
================================================================================
[2026-03-09T16:32:45.170+0000] {manager.py:997} INFO - 
================================================================================
DAG File Processing Stats

File Path                                   PID    Runtime      # DAGs    # Errors  Last Runtime    Last Run               Last # of DB Queries
------------------------------------------  -----  ---------  --------  ----------  --------------  -------------------  ----------------------
/opt/airflow/dags/etl_mongo_to_postgres.py                           1           0  0.09s           2026-03-09T16:32:19                      10
================================================================================
[2026-03-09T16:33:15.284+0000] {manager.py:997} INFO - 
================================================================================
DAG File Processing Stats

File Path                                   PID    Runtime      # DAGs    # Errors  Last Runtime    Last Run               Last # of DB Queries
------------------------------------------  -----  ---------  --------  ----------  --------------  -------------------  ----------------------
/opt/airflow/dags/etl_mongo_to_postgres.py                           1           0  0.09s           2026-03-09T16:32:49                      10
================================================================================
[2026-03-09T16:33:45.338+0000] {manager.py:997} INFO - 
================================================================================
DAG File Processing Stats

File Path                                   PID    Runtime      # DAGs    # Errors  Last Runtime    Last Run               Last # of DB Queries
------------------------------------------  -----  ---------  --------  ----------  --------------  -------------------  ----------------------
/opt/airflow/dags/etl_mongo_to_postgres.py                           1           0  0.08s           2026-03-09T16:33:19                      10
================================================================================
[2026-03-09T16:34:15.402+0000] {manager.py:997} INFO - 
================================================================================
DAG File Processing Stats

File Path                                   PID    Runtime      # DAGs    # Errors  Last Runtime    Last Run               Last # of DB Queries
------------------------------------------  -----  ---------  --------  ----------  --------------  -------------------  ----------------------
/opt/airflow/dags/etl_mongo_to_postgres.py                           1           0  0.08s           2026-03-09T16:33:50                      10
================================================================================
[2026-03-09T16:34:44.467+0000] {manager.py:821} INFO - Searching for files in /opt/airflow/dags
[2026-03-09T16:34:44.469+0000] {manager.py:824} INFO - There are 1 files in /opt/airflow/dags
[2026-03-09T16:34:45.482+0000] {manager.py:997} INFO - 
================================================================================
DAG File Processing Stats

File Path                                   PID    Runtime      # DAGs    # Errors  Last Runtime    Last Run               Last # of DB Queries
------------------------------------------  -----  ---------  --------  ----------  --------------  -------------------  ----------------------
/opt/airflow/dags/etl_mongo_to_postgres.py                           1           0  0.08s           2026-03-09T16:34:21                      10
================================================================================
[2026-03-09T16:35:15.547+0000] {manager.py:997} INFO - 
================================================================================
DAG File Processing Stats

File Path                                   PID    Runtime      # DAGs    # Errors  Last Runtime    Last Run               Last # of DB Queries
------------------------------------------  -----  ---------  --------  ----------  --------------  -------------------  ----------------------
/opt/airflow/dags/etl_mongo_to_postgres.py                           1           0  0.08s           2026-03-09T16:34:52                      10
================================================================================
[2026-03-09T16:35:45.588+0000] {manager.py:997} INFO - 
================================================================================
DAG File Processing Stats

File Path                                   PID    Runtime      # DAGs    # Errors  Last Runtime    Last Run               Last # of DB Queries
------------------------------------------  -----  ---------  --------  ----------  --------------  -------------------  ----------------------
/opt/airflow/dags/etl_mongo_to_postgres.py                           1           0  0.08s           2026-03-09T16:35:23                      10
================================================================================
[2026-03-09T16:36:15.669+0000] {manager.py:997} INFO - 
================================================================================
DAG File Processing Stats

File Path                                   PID    Runtime      # DAGs    # Errors  Last Runtime    Last Run               Last # of DB Queries
------------------------------------------  -----  ---------  --------  ----------  --------------  -------------------  ----------------------
/opt/airflow/dags/etl_mongo_to_postgres.py                           1           0  0.09s           2026-03-09T16:35:54                      10
================================================================================
[2026-03-09T16:36:45.753+0000] {manager.py:997} INFO - 
================================================================================
DAG File Processing Stats

File Path                                   PID    Runtime      # DAGs    # Errors  Last Runtime    Last Run               Last # of DB Queries
------------------------------------------  -----  ---------  --------  ----------  --------------  -------------------  ----------------------
/opt/airflow/dags/etl_mongo_to_postgres.py                           1           0  0.10s           2026-03-09T16:36:24                      10
================================================================================
[2026-03-09T16:37:15.810+0000] {manager.py:997} INFO - 
================================================================================
DAG File Processing Stats

File Path                                   PID    Runtime      # DAGs    # Errors  Last Runtime    Last Run               Last # of DB Queries
------------------------------------------  -----  ---------  --------  ----------  --------------  -------------------  ----------------------
/opt/airflow/dags/etl_mongo_to_postgres.py                           1           0  0.09s           2026-03-09T16:36:54                      10
================================================================================
[2026-03-09T16:37:45.905+0000] {manager.py:997} INFO - 
================================================================================
DAG File Processing Stats

File Path                                   PID    Runtime      # DAGs    # Errors  Last Runtime    Last Run               Last # of DB Queries
------------------------------------------  -----  ---------  --------  ----------  --------------  -------------------  ----------------------
/opt/airflow/dags/etl_mongo_to_postgres.py                           1           0  0.08s           2026-03-09T16:37:17                      10
================================================================================
[2026-03-09T16:38:16.034+0000] {manager.py:997} INFO - 
================================================================================
DAG File Processing Stats

File Path                                   PID    Runtime      # DAGs    # Errors  Last Runtime    Last Run               Last # of DB Queries
------------------------------------------  -----  ---------  --------  ----------  --------------  -------------------  ----------------------
/opt/airflow/dags/etl_mongo_to_postgres.py                           1           0  0.16s           2026-03-09T16:38:07                      32
================================================================================
[2026-03-09T16:38:33.906+0000] {manager.py:465} INFO - Exiting gracefully upon receiving signal 15
[2026-03-09T16:38:42.885+0000] {manager.py:483} INFO - Processing files using up to 2 processes at a time 
[2026-03-09T16:38:42.885+0000] {manager.py:484} INFO - Process each file at most once every 30 seconds
[2026-03-09T16:38:42.885+0000] {manager.py:485} INFO - Checking for new files in /opt/airflow/dags every 300 seconds
[2026-03-09T16:38:42.886+0000] {manager.py:821} INFO - Searching for files in /opt/airflow/dags
[2026-03-09T16:38:42.886+0000] {manager.py:824} INFO - There are 1 files in /opt/airflow/dags
[2026-03-09T16:38:43.155+0000] {manager.py:997} INFO - 
================================================================================
DAG File Processing Stats

File Path                                     PID  Runtime      # DAGs    # Errors  Last Runtime    Last Run      Last # of DB Queries
------------------------------------------  -----  ---------  --------  ----------  --------------  ----------  ----------------------
/opt/airflow/dags/etl_mongo_to_postgres.py     54  0.02s             0           0                                                   0
================================================================================
[2026-03-09T16:39:13.177+0000] {manager.py:997} INFO - 
================================================================================
DAG File Processing Stats

File Path                                   PID    Runtime      # DAGs    # Errors  Last Runtime    Last Run               Last # of DB Queries
------------------------------------------  -----  ---------  --------  ----------  --------------  -------------------  ----------------------
/opt/airflow/dags/etl_mongo_to_postgres.py                           1           0  0.10s           2026-03-09T16:38:43                      10
================================================================================
[2026-03-09T16:39:43.108+0000] {manager.py:997} INFO - 
================================================================================
DAG File Processing Stats

File Path                                   PID    Runtime      # DAGs    # Errors  Last Runtime    Last Run               Last # of DB Queries
------------------------------------------  -----  ---------  --------  ----------  --------------  -------------------  ----------------------
/opt/airflow/dags/etl_mongo_to_postgres.py                           1           0  0.10s           2026-03-09T16:39:14                      10
================================================================================
[2026-03-09T16:40:13.211+0000] {manager.py:997} INFO - 
================================================================================
DAG File Processing Stats

File Path                                   PID    Runtime      # DAGs    # Errors  Last Runtime    Last Run               Last # of DB Queries
------------------------------------------  -----  ---------  --------  ----------  --------------  -------------------  ----------------------
/opt/airflow/dags/etl_mongo_to_postgres.py                           1           0  0.08s           2026-03-09T16:39:45                      10
================================================================================
[2026-03-09T16:40:43.221+0000] {manager.py:997} INFO - 
================================================================================
DAG File Processing Stats

File Path                                   PID    Runtime      # DAGs    # Errors  Last Runtime    Last Run               Last # of DB Queries
------------------------------------------  -----  ---------  --------  ----------  --------------  -------------------  ----------------------
/opt/airflow/dags/etl_mongo_to_postgres.py                           1           0  0.09s           2026-03-09T16:40:15                      10
================================================================================
[2026-03-09T16:41:13.318+0000] {manager.py:997} INFO - 
================================================================================
DAG File Processing Stats

File Path                                   PID    Runtime      # DAGs    # Errors  Last Runtime    Last Run               Last # of DB Queries
------------------------------------------  -----  ---------  --------  ----------  --------------  -------------------  ----------------------
/opt/airflow/dags/etl_mongo_to_postgres.py                           1           0  0.09s           2026-03-09T16:40:46                      10
================================================================================
[2026-03-09T16:41:43.352+0000] {manager.py:997} INFO - 
================================================================================
DAG File Processing Stats

File Path                                   PID    Runtime      # DAGs    # Errors  Last Runtime    Last Run               Last # of DB Queries
------------------------------------------  -----  ---------  --------  ----------  --------------  -------------------  ----------------------
/opt/airflow/dags/etl_mongo_to_postgres.py                           1           0  0.09s           2026-03-09T16:41:16                      10
================================================================================
[2026-03-09T16:42:13.430+0000] {manager.py:997} INFO - 
================================================================================
DAG File Processing Stats

File Path                                   PID    Runtime      # DAGs    # Errors  Last Runtime    Last Run               Last # of DB Queries
------------------------------------------  -----  ---------  --------  ----------  --------------  -------------------  ----------------------
/opt/airflow/dags/etl_mongo_to_postgres.py                           1           0  0.09s           2026-03-09T16:41:47                      10
================================================================================
[2026-03-09T16:42:43.465+0000] {manager.py:997} INFO - 
================================================================================
DAG File Processing Stats

File Path                                   PID    Runtime      # DAGs    # Errors  Last Runtime    Last Run               Last # of DB Queries
------------------------------------------  -----  ---------  --------  ----------  --------------  -------------------  ----------------------
/opt/airflow/dags/etl_mongo_to_postgres.py                           1           0  0.08s           2026-03-09T16:42:18                      10
================================================================================
[2026-03-09T16:43:13.528+0000] {manager.py:997} INFO - 
================================================================================
DAG File Processing Stats

File Path                                   PID    Runtime      # DAGs    # Errors  Last Runtime    Last Run               Last # of DB Queries
------------------------------------------  -----  ---------  --------  ----------  --------------  -------------------  ----------------------
/opt/airflow/dags/etl_mongo_to_postgres.py                           1           0  0.08s           2026-03-09T16:42:49                      10
================================================================================
[2026-03-09T16:43:43.604+0000] {manager.py:821} INFO - Searching for files in /opt/airflow/dags
[2026-03-09T16:43:43.605+0000] {manager.py:824} INFO - There are 2 files in /opt/airflow/dags
[2026-03-09T16:43:43.620+0000] {manager.py:997} INFO - 
================================================================================
DAG File Processing Stats

File Path                                     PID  Runtime      # DAGs    # Errors  Last Runtime    Last Run               Last # of DB Queries
------------------------------------------  -----  ---------  --------  ----------  --------------  -------------------  ----------------------
/opt/airflow/dags/etl_mongo_to_postgres.py                           1           0  0.09s           2026-03-09T16:43:20                      10
/opt/airflow/dags/analytical_marts.py         168  0.01s             0           0                                                            0
================================================================================
[2026-03-09T16:44:13.649+0000] {manager.py:997} INFO - 
================================================================================
DAG File Processing Stats

File Path                                   PID    Runtime      # DAGs    # Errors  Last Runtime    Last Run               Last # of DB Queries
------------------------------------------  -----  ---------  --------  ----------  --------------  -------------------  ----------------------
/opt/airflow/dags/analytical_marts.py                                1           0  0.16s           2026-03-09T16:43:43                      43
/opt/airflow/dags/etl_mongo_to_postgres.py                           1           0  0.09s           2026-03-09T16:43:50                      10
================================================================================
[2026-03-09T16:44:43.759+0000] {manager.py:997} INFO - 
================================================================================
DAG File Processing Stats

File Path                                   PID    Runtime      # DAGs    # Errors  Last Runtime    Last Run               Last # of DB Queries
------------------------------------------  -----  ---------  --------  ----------  --------------  -------------------  ----------------------
/opt/airflow/dags/etl_mongo_to_postgres.py                           1           0  0.11s           2026-03-09T16:44:20                      10
/opt/airflow/dags/analytical_marts.py                                1           0  0.08s           2026-03-09T16:44:14                      10
================================================================================
[2026-03-09T16:45:13.875+0000] {manager.py:997} INFO - 
================================================================================
DAG File Processing Stats

File Path                                   PID    Runtime      # DAGs    # Errors  Last Runtime    Last Run               Last # of DB Queries
------------------------------------------  -----  ---------  --------  ----------  --------------  -------------------  ----------------------
/opt/airflow/dags/etl_mongo_to_postgres.py                           1           0  0.10s           2026-03-09T16:44:50                      10
/opt/airflow/dags/analytical_marts.py                                1           0  0.09s           2026-03-09T16:44:44                      10
================================================================================
[2026-03-09T16:45:43.999+0000] {manager.py:997} INFO - 
================================================================================
DAG File Processing Stats

File Path                                   PID    Runtime      # DAGs    # Errors  Last Runtime    Last Run               Last # of DB Queries
------------------------------------------  -----  ---------  --------  ----------  --------------  -------------------  ----------------------
/opt/airflow/dags/etl_mongo_to_postgres.py                           1           0  0.09s           2026-03-09T16:45:21                      10
/opt/airflow/dags/analytical_marts.py                                1           0  0.09s           2026-03-09T16:45:14                      10
================================================================================
[2026-03-09T16:46:14.119+0000] {manager.py:997} INFO - 
================================================================================
DAG File Processing Stats

File Path                                   PID    Runtime      # DAGs    # Errors  Last Runtime    Last Run               Last # of DB Queries
------------------------------------------  -----  ---------  --------  ----------  --------------  -------------------  ----------------------
/opt/airflow/dags/etl_mongo_to_postgres.py                           1           0  0.10s           2026-03-09T16:45:51                      10
/opt/airflow/dags/analytical_marts.py                                1           0  0.09s           2026-03-09T16:45:45                      10
================================================================================
[2026-03-09T16:46:44.250+0000] {manager.py:997} INFO - 
================================================================================
DAG File Processing Stats

File Path                                   PID    Runtime      # DAGs    # Errors  Last Runtime    Last Run               Last # of DB Queries
------------------------------------------  -----  ---------  --------  ----------  --------------  -------------------  ----------------------
/opt/airflow/dags/analytical_marts.py                                1           0  0.10s           2026-03-09T16:46:15                      10
/opt/airflow/dags/etl_mongo_to_postgres.py                           1           0  0.10s           2026-03-09T16:46:21                      10
================================================================================
[2026-03-09T16:47:14.401+0000] {manager.py:997} INFO - 
================================================================================
DAG File Processing Stats

File Path                                   PID    Runtime      # DAGs    # Errors  Last Runtime    Last Run               Last # of DB Queries
------------------------------------------  -----  ---------  --------  ----------  --------------  -------------------  ----------------------
/opt/airflow/dags/etl_mongo_to_postgres.py                           1           0  0.10s           2026-03-09T16:46:51                      10
/opt/airflow/dags/analytical_marts.py                                1           0  0.09s           2026-03-09T16:46:45                      10
================================================================================
[2026-03-09T16:47:44.501+0000] {manager.py:997} INFO - 
================================================================================
DAG File Processing Stats

File Path                                   PID    Runtime      # DAGs    # Errors  Last Runtime    Last Run               Last # of DB Queries
------------------------------------------  -----  ---------  --------  ----------  --------------  -------------------  ----------------------
/opt/airflow/dags/etl_mongo_to_postgres.py                           1           0  0.09s           2026-03-09T16:47:21                      10
/opt/airflow/dags/analytical_marts.py                                1           0  0.09s           2026-03-09T16:47:15                      10
================================================================================
[2026-03-09T16:48:14.607+0000] {manager.py:997} INFO - 
================================================================================
DAG File Processing Stats

File Path                                   PID    Runtime      # DAGs    # Errors  Last Runtime    Last Run               Last # of DB Queries
------------------------------------------  -----  ---------  --------  ----------  --------------  -------------------  ----------------------
/opt/airflow/dags/etl_mongo_to_postgres.py                           1           0  0.11s           2026-03-09T16:47:52                      10
/opt/airflow/dags/analytical_marts.py                                1           0  0.08s           2026-03-09T16:47:45                      10
================================================================================
[2026-03-09T16:48:43.754+0000] {manager.py:821} INFO - Searching for files in /opt/airflow/dags
[2026-03-09T16:48:43.756+0000] {manager.py:824} INFO - There are 2 files in /opt/airflow/dags
[2026-03-09T16:48:44.768+0000] {manager.py:997} INFO - 
================================================================================
DAG File Processing Stats

File Path                                   PID    Runtime      # DAGs    # Errors  Last Runtime    Last Run               Last # of DB Queries
------------------------------------------  -----  ---------  --------  ----------  --------------  -------------------  ----------------------
/opt/airflow/dags/etl_mongo_to_postgres.py                           1           0  0.09s           2026-03-09T16:48:22                      10
/opt/airflow/dags/analytical_marts.py                                1           0  0.09s           2026-03-09T16:48:15                      10
================================================================================
[2026-03-09T16:49:14.887+0000] {manager.py:997} INFO - 
================================================================================
DAG File Processing Stats

File Path                                   PID    Runtime      # DAGs    # Errors  Last Runtime    Last Run               Last # of DB Queries
------------------------------------------  -----  ---------  --------  ----------  --------------  -------------------  ----------------------
/opt/airflow/dags/etl_mongo_to_postgres.py                           1           0  0.10s           2026-03-09T16:48:52                      10
/opt/airflow/dags/analytical_marts.py                                1           0  0.09s           2026-03-09T16:48:45                      10
================================================================================
[2026-03-09T16:49:45.048+0000] {manager.py:997} INFO - 
================================================================================
DAG File Processing Stats

File Path                                   PID    Runtime      # DAGs    # Errors  Last Runtime    Last Run               Last # of DB Queries
------------------------------------------  -----  ---------  --------  ----------  --------------  -------------------  ----------------------
/opt/airflow/dags/analytical_marts.py                                1           0  0.11s           2026-03-09T16:49:15                      10
/opt/airflow/dags/etl_mongo_to_postgres.py                           1           0  0.10s           2026-03-09T16:49:23                      10
================================================================================
[2026-03-09T16:50:15.180+0000] {manager.py:997} INFO - 
================================================================================
DAG File Processing Stats

File Path                                   PID    Runtime      # DAGs    # Errors  Last Runtime    Last Run               Last # of DB Queries
------------------------------------------  -----  ---------  --------  ----------  --------------  -------------------  ----------------------
/opt/airflow/dags/analytical_marts.py                                1           0  0.09s           2026-03-09T16:49:46                      10
/opt/airflow/dags/etl_mongo_to_postgres.py                           1           0  0.09s           2026-03-09T16:49:53                      10
================================================================================
[2026-03-09T16:50:45.328+0000] {manager.py:997} INFO - 
================================================================================
DAG File Processing Stats

File Path                                   PID    Runtime      # DAGs    # Errors  Last Runtime    Last Run               Last # of DB Queries
------------------------------------------  -----  ---------  --------  ----------  --------------  -------------------  ----------------------
/opt/airflow/dags/analytical_marts.py                                1           0  0.10s           2026-03-09T16:50:16                      10
/opt/airflow/dags/etl_mongo_to_postgres.py                           1           0  0.10s           2026-03-09T16:50:23                      10
================================================================================
[2026-03-09T16:51:15.484+0000] {manager.py:997} INFO - 
================================================================================
DAG File Processing Stats

File Path                                   PID    Runtime      # DAGs    # Errors  Last Runtime    Last Run               Last # of DB Queries
------------------------------------------  -----  ---------  --------  ----------  --------------  -------------------  ----------------------
/opt/airflow/dags/etl_mongo_to_postgres.py                           1           0  0.10s           2026-03-09T16:50:53                      10
/opt/airflow/dags/analytical_marts.py                                1           0  0.09s           2026-03-09T16:50:46                      10
================================================================================
[2026-03-09T16:51:45.611+0000] {manager.py:997} INFO - 
================================================================================
DAG File Processing Stats

File Path                                   PID    Runtime      # DAGs    # Errors  Last Runtime    Last Run               Last # of DB Queries
------------------------------------------  -----  ---------  --------  ----------  --------------  -------------------  ----------------------
/opt/airflow/dags/etl_mongo_to_postgres.py                           1           0  0.09s           2026-03-09T16:51:23                      10
/opt/airflow/dags/analytical_marts.py                                1           0  0.09s           2026-03-09T16:51:16                      10
================================================================================
[2026-03-09T16:52:15.758+0000] {manager.py:997} INFO - 
================================================================================
DAG File Processing Stats

File Path                                   PID    Runtime      # DAGs    # Errors  Last Runtime    Last Run               Last # of DB Queries
------------------------------------------  -----  ---------  --------  ----------  --------------  -------------------  ----------------------
/opt/airflow/dags/analytical_marts.py                                1           0  0.09s           2026-03-09T16:51:46                      10
/opt/airflow/dags/etl_mongo_to_postgres.py                           1           0  0.09s           2026-03-09T16:51:53                      10
================================================================================
[2026-03-09T16:52:45.842+0000] {manager.py:997} INFO - 
================================================================================
DAG File Processing Stats

File Path                                   PID    Runtime      # DAGs    # Errors  Last Runtime    Last Run               Last # of DB Queries
------------------------------------------  -----  ---------  --------  ----------  --------------  -------------------  ----------------------
/opt/airflow/dags/etl_mongo_to_postgres.py                           1           0  0.09s           2026-03-09T16:52:23                      10
/opt/airflow/dags/analytical_marts.py                                1           0  0.08s           2026-03-09T16:52:16                      10
================================================================================
[2026-03-09T16:53:15.953+0000] {manager.py:997} INFO - 
================================================================================
DAG File Processing Stats

File Path                                   PID    Runtime      # DAGs    # Errors  Last Runtime    Last Run               Last # of DB Queries
------------------------------------------  -----  ---------  --------  ----------  --------------  -------------------  ----------------------
/opt/airflow/dags/etl_mongo_to_postgres.py                           1           0  0.09s           2026-03-09T16:52:54                      10
/opt/airflow/dags/analytical_marts.py                                1           0  0.08s           2026-03-09T16:52:46                      10
================================================================================
[2026-03-09T16:53:44.665+0000] {manager.py:821} INFO - Searching for files in /opt/airflow/dags
[2026-03-09T16:53:44.667+0000] {manager.py:824} INFO - There are 2 files in /opt/airflow/dags
[2026-03-09T16:53:45.680+0000] {manager.py:997} INFO - 
================================================================================
DAG File Processing Stats

File Path                                   PID    Runtime      # DAGs    # Errors  Last Runtime    Last Run               Last # of DB Queries
------------------------------------------  -----  ---------  --------  ----------  --------------  -------------------  ----------------------
/opt/airflow/dags/etl_mongo_to_postgres.py                           1           0  0.10s           2026-03-09T16:53:24                      10
/opt/airflow/dags/analytical_marts.py                                1           0  0.09s           2026-03-09T16:53:17                      10
================================================================================
[2026-03-09T16:54:15.498+0000] {manager.py:997} INFO - 
================================================================================
DAG File Processing Stats

File Path                                   PID    Runtime      # DAGs    # Errors  Last Runtime    Last Run               Last # of DB Queries
------------------------------------------  -----  ---------  --------  ----------  --------------  -------------------  ----------------------
/opt/airflow/dags/analytical_marts.py                                1           0  0.11s           2026-03-09T16:53:47                      10
/opt/airflow/dags/etl_mongo_to_postgres.py                           1           0  0.10s           2026-03-09T16:53:54                      10
================================================================================
[2026-03-09T16:54:45.311+0000] {manager.py:997} INFO - 
================================================================================
DAG File Processing Stats

File Path                                   PID    Runtime      # DAGs    # Errors  Last Runtime    Last Run               Last # of DB Queries
------------------------------------------  -----  ---------  --------  ----------  --------------  -------------------  ----------------------
/opt/airflow/dags/analytical_marts.py                                1           0  0.09s           2026-03-09T16:54:18                      10
/opt/airflow/dags/etl_mongo_to_postgres.py                           1           0  0.09s           2026-03-09T16:54:25                      10
================================================================================
[2026-03-09T16:55:15.073+0000] {manager.py:997} INFO - 
================================================================================
DAG File Processing Stats

File Path                                   PID    Runtime      # DAGs    # Errors  Last Runtime    Last Run               Last # of DB Queries
------------------------------------------  -----  ---------  --------  ----------  --------------  -------------------  ----------------------
/opt/airflow/dags/analytical_marts.py                                1           0  0.09s           2026-03-09T16:54:49                      10
/opt/airflow/dags/etl_mongo_to_postgres.py                           1           0  0.08s           2026-03-09T16:54:56                      10
================================================================================
[2026-03-09T16:55:44.839+0000] {manager.py:997} INFO - 
================================================================================
DAG File Processing Stats

File Path                                   PID    Runtime      # DAGs    # Errors  Last Runtime    Last Run               Last # of DB Queries
------------------------------------------  -----  ---------  --------  ----------  --------------  -------------------  ----------------------
/opt/airflow/dags/etl_mongo_to_postgres.py                           1           0  0.09s           2026-03-09T16:55:27                      10
/opt/airflow/dags/analytical_marts.py                                1           0  0.09s           2026-03-09T16:55:20                      10
================================================================================
[2026-03-09T16:56:14.605+0000] {manager.py:997} INFO - 
================================================================================
DAG File Processing Stats

File Path                                   PID    Runtime      # DAGs    # Errors  Last Runtime    Last Run               Last # of DB Queries
------------------------------------------  -----  ---------  --------  ----------  --------------  -------------------  ----------------------
/opt/airflow/dags/etl_mongo_to_postgres.py                           1           0  0.10s           2026-03-09T16:55:58                      10
/opt/airflow/dags/analytical_marts.py                                1           0  0.10s           2026-03-09T16:55:50                      10
================================================================================
[2026-03-09T16:56:44.347+0000] {manager.py:997} INFO - 
================================================================================
DAG File Processing Stats

File Path                                   PID    Runtime      # DAGs    # Errors  Last Runtime    Last Run               Last # of DB Queries
------------------------------------------  -----  ---------  --------  ----------  --------------  -------------------  ----------------------
/opt/airflow/dags/analytical_marts.py                                1           0  0.09s           2026-03-09T16:56:21                      10
/opt/airflow/dags/etl_mongo_to_postgres.py                           1           0  0.09s           2026-03-09T16:56:28                      10
================================================================================
[2026-03-09T16:57:14.070+0000] {manager.py:997} INFO - 
================================================================================
DAG File Processing Stats

File Path                                   PID    Runtime      # DAGs    # Errors  Last Runtime    Last Run               Last # of DB Queries
------------------------------------------  -----  ---------  --------  ----------  --------------  -------------------  ----------------------
/opt/airflow/dags/etl_mongo_to_postgres.py                           1           0  0.09s           2026-03-09T16:56:59                      10
/opt/airflow/dags/analytical_marts.py                                1           0  0.08s           2026-03-09T16:56:52                      10
================================================================================
[2026-03-09T16:57:43.807+0000] {manager.py:997} INFO - 
================================================================================
DAG File Processing Stats

File Path                                   PID    Runtime      # DAGs    # Errors  Last Runtime    Last Run               Last # of DB Queries
------------------------------------------  -----  ---------  --------  ----------  --------------  -------------------  ----------------------
/opt/airflow/dags/etl_mongo_to_postgres.py                           1           0  0.09s           2026-03-09T16:57:30                      10
/opt/airflow/dags/analytical_marts.py                                1           0  0.08s           2026-03-09T16:57:23                      10
================================================================================
[2026-03-09T16:58:13.563+0000] {manager.py:997} INFO - 
================================================================================
DAG File Processing Stats

File Path                                   PID    Runtime      # DAGs    # Errors  Last Runtime    Last Run               Last # of DB Queries
------------------------------------------  -----  ---------  --------  ----------  --------------  -------------------  ----------------------
/opt/airflow/dags/etl_mongo_to_postgres.py                           1           0  0.09s           2026-03-09T16:58:01                      10
/opt/airflow/dags/analytical_marts.py                                1           0  0.08s           2026-03-09T16:57:53                      10
================================================================================
[2026-03-09T16:58:43.348+0000] {manager.py:997} INFO - 
================================================================================
DAG File Processing Stats

File Path                                   PID    Runtime      # DAGs    # Errors  Last Runtime    Last Run               Last # of DB Queries
------------------------------------------  -----  ---------  --------  ----------  --------------  -------------------  ----------------------
/opt/airflow/dags/etl_mongo_to_postgres.py                           1           0  0.09s           2026-03-09T16:58:31                      10
/opt/airflow/dags/analytical_marts.py                                1           0  0.08s           2026-03-09T16:58:24                      10
================================================================================
[2026-03-09T16:58:45.378+0000] {manager.py:821} INFO - Searching for files in /opt/airflow/dags
[2026-03-09T16:58:45.380+0000] {manager.py:824} INFO - There are 2 files in /opt/airflow/dags
[2026-03-09T16:59:13.257+0000] {manager.py:997} INFO - 
================================================================================
DAG File Processing Stats

File Path                                   PID    Runtime      # DAGs    # Errors  Last Runtime    Last Run               Last # of DB Queries
------------------------------------------  -----  ---------  --------  ----------  --------------  -------------------  ----------------------
/opt/airflow/dags/etl_mongo_to_postgres.py                           1           0  0.18s           2026-03-09T16:59:02                      10
/opt/airflow/dags/analytical_marts.py                                1           0  0.16s           2026-03-09T16:58:55                      10
================================================================================
[2026-03-09T16:59:43.162+0000] {manager.py:997} INFO - 
================================================================================
DAG File Processing Stats

File Path                                   PID    Runtime      # DAGs    # Errors  Last Runtime    Last Run               Last # of DB Queries
------------------------------------------  -----  ---------  --------  ----------  --------------  -------------------  ----------------------
/opt/airflow/dags/etl_mongo_to_postgres.py                           1           0  0.19s           2026-03-09T16:59:33                      10
/opt/airflow/dags/analytical_marts.py                                1           0  0.17s           2026-03-09T16:59:26                      10
================================================================================
[2026-03-09T17:00:13.015+0000] {manager.py:997} INFO - 
================================================================================
DAG File Processing Stats

File Path                                   PID    Runtime      # DAGs    # Errors  Last Runtime    Last Run               Last # of DB Queries
------------------------------------------  -----  ---------  --------  ----------  --------------  -------------------  ----------------------
/opt/airflow/dags/analytical_marts.py                                1           0  0.18s           2026-03-09T16:59:57                      10
/opt/airflow/dags/etl_mongo_to_postgres.py                           1           0  0.16s           2026-03-09T17:00:03                      10
================================================================================
[2026-03-09T17:00:42.877+0000] {manager.py:997} INFO - 
================================================================================
DAG File Processing Stats

File Path                                   PID    Runtime      # DAGs    # Errors  Last Runtime    Last Run               Last # of DB Queries
------------------------------------------  -----  ---------  --------  ----------  --------------  -------------------  ----------------------
/opt/airflow/dags/etl_mongo_to_postgres.py                           1           0  0.19s           2026-03-09T17:00:34                      10
/opt/airflow/dags/analytical_marts.py                                1           0  0.15s           2026-03-09T17:00:28                      10
================================================================================
[2026-03-09T17:01:12.779+0000] {manager.py:997} INFO - 
================================================================================
DAG File Processing Stats

File Path                                   PID    Runtime      # DAGs    # Errors  Last Runtime    Last Run               Last # of DB Queries
------------------------------------------  -----  ---------  --------  ----------  --------------  -------------------  ----------------------
/opt/airflow/dags/etl_mongo_to_postgres.py                           1           0  0.17s           2026-03-09T17:01:05                      10
/opt/airflow/dags/analytical_marts.py                                1           0  0.16s           2026-03-09T17:00:59                      10
================================================================================
[2026-03-09T17:01:42.541+0000] {manager.py:997} INFO - 
================================================================================
DAG File Processing Stats

File Path                                   PID    Runtime      # DAGs    # Errors  Last Runtime    Last Run               Last # of DB Queries
------------------------------------------  -----  ---------  --------  ----------  --------------  -------------------  ----------------------
/opt/airflow/dags/etl_mongo_to_postgres.py                           1           0  0.17s           2026-03-09T17:01:36                      10
/opt/airflow/dags/analytical_marts.py                                1           0  0.15s           2026-03-09T17:01:30                      10
================================================================================
[2026-03-09T17:02:12.459+0000] {manager.py:997} INFO - 
================================================================================
DAG File Processing Stats

File Path                                   PID    Runtime      # DAGs    # Errors  Last Runtime    Last Run               Last # of DB Queries
------------------------------------------  -----  ---------  --------  ----------  --------------  -------------------  ----------------------
/opt/airflow/dags/analytical_marts.py                                1           0  0.18s           2026-03-09T17:02:00                      10
/opt/airflow/dags/etl_mongo_to_postgres.py                           1           0  0.17s           2026-03-09T17:02:07                      10
================================================================================
[2026-03-09T17:02:42.317+0000] {manager.py:997} INFO - 
================================================================================
DAG File Processing Stats

File Path                                   PID    Runtime      # DAGs    # Errors  Last Runtime    Last Run               Last # of DB Queries
------------------------------------------  -----  ---------  --------  ----------  --------------  -------------------  ----------------------
/opt/airflow/dags/etl_mongo_to_postgres.py                           1           0  0.19s           2026-03-09T17:02:38                      10
/opt/airflow/dags/analytical_marts.py                                1           0  0.16s           2026-03-09T17:02:31                      10
================================================================================
[2026-03-09T17:03:11.918+0000] {manager.py:997} INFO - 
================================================================================
DAG File Processing Stats

File Path                                   PID    Runtime      # DAGs    # Errors  Last Runtime    Last Run               Last # of DB Queries
------------------------------------------  -----  ---------  --------  ----------  --------------  -------------------  ----------------------
/opt/airflow/dags/analytical_marts.py                                1           0  0.18s           2026-03-09T17:03:01                      10
/opt/airflow/dags/etl_mongo_to_postgres.py                           1           0  0.12s           2026-03-09T17:03:09                      10
================================================================================
[2026-03-09T17:03:41.782+0000] {manager.py:997} INFO - 
================================================================================
DAG File Processing Stats

File Path                                   PID    Runtime      # DAGs    # Errors  Last Runtime    Last Run               Last # of DB Queries
------------------------------------------  -----  ---------  --------  ----------  --------------  -------------------  ----------------------
/opt/airflow/dags/etl_mongo_to_postgres.py                           1           0  0.17s           2026-03-09T17:03:39                      10
/opt/airflow/dags/analytical_marts.py                                1           0  0.16s           2026-03-09T17:03:32                      10
================================================================================
[2026-03-09T17:03:45.815+0000] {manager.py:821} INFO - Searching for files in /opt/airflow/dags
[2026-03-09T17:03:45.817+0000] {manager.py:824} INFO - There are 2 files in /opt/airflow/dags
[2026-03-09T17:04:11.602+0000] {manager.py:997} INFO - 
================================================================================
DAG File Processing Stats

File Path                                   PID    Runtime      # DAGs    # Errors  Last Runtime    Last Run               Last # of DB Queries
------------------------------------------  -----  ---------  --------  ----------  --------------  -------------------  ----------------------
/opt/airflow/dags/etl_mongo_to_postgres.py                           1           0  0.19s           2026-03-09T17:04:10                      10
/opt/airflow/dags/analytical_marts.py                                1           0  0.16s           2026-03-09T17:04:03                      10
================================================================================
[2026-03-09T17:04:41.283+0000] {manager.py:997} INFO - 
================================================================================
DAG File Processing Stats

File Path                                     PID  Runtime      # DAGs    # Errors  Last Runtime    Last Run               Last # of DB Queries
------------------------------------------  -----  ---------  --------  ----------  --------------  -------------------  ----------------------
/opt/airflow/dags/etl_mongo_to_postgres.py    928  0.01s             1           0  0.19s           2026-03-09T17:04:10                      10
/opt/airflow/dags/analytical_marts.py                                1           0  0.16s           2026-03-09T17:04:34                      10
================================================================================
[2026-03-09T17:05:11.076+0000] {manager.py:997} INFO - 
================================================================================
DAG File Processing Stats

File Path                                   PID    Runtime      # DAGs    # Errors  Last Runtime    Last Run               Last # of DB Queries
------------------------------------------  -----  ---------  --------  ----------  --------------  -------------------  ----------------------
/opt/airflow/dags/analytical_marts.py                                1           0  0.17s           2026-03-09T17:05:05                      10
/opt/airflow/dags/etl_mongo_to_postgres.py                           1           0  0.16s           2026-03-09T17:04:41                      10
================================================================================
[2026-03-09T17:05:40.982+0000] {manager.py:997} INFO - 
================================================================================
DAG File Processing Stats

File Path                                   PID    Runtime      # DAGs    # Errors  Last Runtime    Last Run               Last # of DB Queries
------------------------------------------  -----  ---------  --------  ----------  --------------  -------------------  ----------------------
/opt/airflow/dags/analytical_marts.py                                1           0  0.19s           2026-03-09T17:05:36                      10
/opt/airflow/dags/etl_mongo_to_postgres.py                           1           0  0.14s           2026-03-09T17:05:12                      10
================================================================================
[2026-03-09T17:06:10.894+0000] {manager.py:997} INFO - 
================================================================================
DAG File Processing Stats

File Path                                   PID    Runtime      # DAGs    # Errors  Last Runtime    Last Run               Last # of DB Queries
------------------------------------------  -----  ---------  --------  ----------  --------------  -------------------  ----------------------
/opt/airflow/dags/etl_mongo_to_postgres.py                           1           0  0.20s           2026-03-09T17:05:43                      10
/opt/airflow/dags/analytical_marts.py                                1           0  0.17s           2026-03-09T17:06:06                      10
================================================================================
[2026-03-09T17:06:40.713+0000] {manager.py:997} INFO - 
================================================================================
DAG File Processing Stats

File Path                                   PID    Runtime      # DAGs    # Errors  Last Runtime    Last Run               Last # of DB Queries
------------------------------------------  -----  ---------  --------  ----------  --------------  -------------------  ----------------------
/opt/airflow/dags/etl_mongo_to_postgres.py                           1           0  0.18s           2026-03-09T17:06:14                      10
/opt/airflow/dags/analytical_marts.py                                1           0  0.17s           2026-03-09T17:06:37                      10
================================================================================
[2026-03-09T17:07:10.524+0000] {manager.py:997} INFO - 
================================================================================
DAG File Processing Stats

File Path                                   PID    Runtime      # DAGs    # Errors  Last Runtime    Last Run               Last # of DB Queries
------------------------------------------  -----  ---------  --------  ----------  --------------  -------------------  ----------------------
/opt/airflow/dags/analytical_marts.py                                1           0  0.19s           2026-03-09T17:07:08                      10
/opt/airflow/dags/etl_mongo_to_postgres.py                           1           0  0.18s           2026-03-09T17:06:44                      10
================================================================================
[2026-03-09T17:07:40.311+0000] {manager.py:997} INFO - 
================================================================================
DAG File Processing Stats

File Path                                   PID    Runtime      # DAGs    # Errors  Last Runtime    Last Run               Last # of DB Queries
------------------------------------------  -----  ---------  --------  ----------  --------------  -------------------  ----------------------
/opt/airflow/dags/etl_mongo_to_postgres.py                           1           0  0.19s           2026-03-09T17:07:15                      10
/opt/airflow/dags/analytical_marts.py                                1           0  0.17s           2026-03-09T17:07:39                      10
================================================================================
[2026-03-09T17:08:10.158+0000] {manager.py:997} INFO - 
================================================================================
DAG File Processing Stats

File Path                                     PID  Runtime      # DAGs    # Errors  Last Runtime    Last Run               Last # of DB Queries
------------------------------------------  -----  ---------  --------  ----------  --------------  -------------------  ----------------------
/opt/airflow/dags/etl_mongo_to_postgres.py                           1           0  0.17s           2026-03-09T17:07:46                      10
/opt/airflow/dags/analytical_marts.py         941  0.01s             1           0  0.17s           2026-03-09T17:07:39                      10
================================================================================
[2026-03-09T17:08:39.948+0000] {manager.py:997} INFO - 
================================================================================
DAG File Processing Stats

File Path                                   PID    Runtime      # DAGs    # Errors  Last Runtime    Last Run               Last # of DB Queries
------------------------------------------  -----  ---------  --------  ----------  --------------  -------------------  ----------------------
/opt/airflow/dags/etl_mongo_to_postgres.py                           1           0  0.17s           2026-03-09T17:08:17                      10
/opt/airflow/dags/analytical_marts.py                                1           0  0.15s           2026-03-09T17:08:10                      10
================================================================================
[2026-03-09T17:08:46.053+0000] {manager.py:821} INFO - Searching for files in /opt/airflow/dags
[2026-03-09T17:08:46.056+0000] {manager.py:824} INFO - There are 2 files in /opt/airflow/dags
[2026-03-09T17:09:09.791+0000] {manager.py:997} INFO - 
================================================================================
DAG File Processing Stats

File Path                                   PID    Runtime      # DAGs    # Errors  Last Runtime    Last Run               Last # of DB Queries
------------------------------------------  -----  ---------  --------  ----------  --------------  -------------------  ----------------------
/opt/airflow/dags/etl_mongo_to_postgres.py                           1           0  0.18s           2026-03-09T17:08:48                      10
/opt/airflow/dags/analytical_marts.py                                1           0  0.18s           2026-03-09T17:08:41                      10
================================================================================
[2026-03-09T17:09:39.433+0000] {manager.py:997} INFO - 
================================================================================
DAG File Processing Stats

File Path                                   PID    Runtime      # DAGs    # Errors  Last Runtime    Last Run               Last # of DB Queries
------------------------------------------  -----  ---------  --------  ----------  --------------  -------------------  ----------------------
/opt/airflow/dags/analytical_marts.py                                1           0  0.18s           2026-03-09T17:09:11                      10
/opt/airflow/dags/etl_mongo_to_postgres.py                           1           0  0.14s           2026-03-09T17:09:19                      10
================================================================================
[2026-03-09T17:10:09.293+0000] {manager.py:997} INFO - 
================================================================================
DAG File Processing Stats

File Path                                   PID    Runtime      # DAGs    # Errors  Last Runtime    Last Run               Last # of DB Queries
------------------------------------------  -----  ---------  --------  ----------  --------------  -------------------  ----------------------
/opt/airflow/dags/etl_mongo_to_postgres.py                           1           0  0.17s           2026-03-09T17:09:50                      10
/opt/airflow/dags/analytical_marts.py                                1           0  0.15s           2026-03-09T17:09:42                      10
================================================================================
[2026-03-09T17:10:39.054+0000] {manager.py:997} INFO - 
================================================================================
DAG File Processing Stats

File Path                                   PID    Runtime      # DAGs    # Errors  Last Runtime    Last Run               Last # of DB Queries
------------------------------------------  -----  ---------  --------  ----------  --------------  -------------------  ----------------------
/opt/airflow/dags/etl_mongo_to_postgres.py                           1           0  0.17s           2026-03-09T17:10:20                      10
/opt/airflow/dags/analytical_marts.py                                1           0  0.16s           2026-03-09T17:10:13                      10
================================================================================
[2026-03-09T17:11:08.845+0000] {manager.py:997} INFO - 
================================================================================
DAG File Processing Stats

File Path                                   PID    Runtime      # DAGs    # Errors  Last Runtime    Last Run               Last # of DB Queries
------------------------------------------  -----  ---------  --------  ----------  --------------  -------------------  ----------------------
/opt/airflow/dags/etl_mongo_to_postgres.py                           1           0  0.20s           2026-03-09T17:10:51                      10
/opt/airflow/dags/analytical_marts.py                                1           0  0.17s           2026-03-09T17:10:44                      10
================================================================================
[2026-03-09T17:11:38.706+0000] {manager.py:997} INFO - 
================================================================================
DAG File Processing Stats

File Path                                   PID    Runtime      # DAGs    # Errors  Last Runtime    Last Run               Last # of DB Queries
------------------------------------------  -----  ---------  --------  ----------  --------------  -------------------  ----------------------
/opt/airflow/dags/etl_mongo_to_postgres.py                           1           0  0.21s           2026-03-09T17:11:22                      10
/opt/airflow/dags/analytical_marts.py                                1           0  0.18s           2026-03-09T17:11:15                      10
================================================================================
[2026-03-09T17:12:08.536+0000] {manager.py:997} INFO - 
================================================================================
DAG File Processing Stats

File Path                                   PID    Runtime      # DAGs    # Errors  Last Runtime    Last Run               Last # of DB Queries
------------------------------------------  -----  ---------  --------  ----------  --------------  -------------------  ----------------------
/opt/airflow/dags/etl_mongo_to_postgres.py                           1           0  0.18s           2026-03-09T17:11:53                      10
/opt/airflow/dags/analytical_marts.py                                1           0  0.17s           2026-03-09T17:11:45                      10
================================================================================
[2026-03-09T17:12:38.269+0000] {manager.py:997} INFO - 
================================================================================
DAG File Processing Stats

File Path                                   PID    Runtime      # DAGs    # Errors  Last Runtime    Last Run               Last # of DB Queries
------------------------------------------  -----  ---------  --------  ----------  --------------  -------------------  ----------------------
/opt/airflow/dags/etl_mongo_to_postgres.py                           1           0  0.18s           2026-03-09T17:12:24                      10
/opt/airflow/dags/analytical_marts.py                                1           0  0.17s           2026-03-09T17:12:17                      10
================================================================================
[2026-03-09T17:13:08.080+0000] {manager.py:997} INFO - 
================================================================================
DAG File Processing Stats

File Path                                   PID    Runtime      # DAGs    # Errors  Last Runtime    Last Run               Last # of DB Queries
------------------------------------------  -----  ---------  --------  ----------  --------------  -------------------  ----------------------
/opt/airflow/dags/etl_mongo_to_postgres.py                           1           0  0.19s           2026-03-09T17:12:55                      10
/opt/airflow/dags/analytical_marts.py                                1           0  0.16s           2026-03-09T17:12:47                      10
================================================================================
[2026-03-09T17:13:37.897+0000] {manager.py:997} INFO - 
================================================================================
DAG File Processing Stats

File Path                                   PID    Runtime      # DAGs    # Errors  Last Runtime    Last Run               Last # of DB Queries
------------------------------------------  -----  ---------  --------  ----------  --------------  -------------------  ----------------------
/opt/airflow/dags/analytical_marts.py                                1           0  0.17s           2026-03-09T17:13:18                      10
/opt/airflow/dags/etl_mongo_to_postgres.py                           1           0  0.17s           2026-03-09T17:13:25                      10
================================================================================
[2026-03-09T17:13:46.274+0000] {manager.py:821} INFO - Searching for files in /opt/airflow/dags
[2026-03-09T17:13:46.276+0000] {manager.py:824} INFO - There are 2 files in /opt/airflow/dags
[2026-03-09T17:14:07.604+0000] {manager.py:997} INFO - 
================================================================================
DAG File Processing Stats

File Path                                   PID    Runtime      # DAGs    # Errors  Last Runtime    Last Run               Last # of DB Queries
------------------------------------------  -----  ---------  --------  ----------  --------------  -------------------  ----------------------
/opt/airflow/dags/analytical_marts.py                                1           0  0.13s           2026-03-09T17:13:49                      10
/opt/airflow/dags/etl_mongo_to_postgres.py                           1           0  0.13s           2026-03-09T17:13:56                      10
================================================================================
[2026-03-09T17:14:37.444+0000] {manager.py:997} INFO - 
================================================================================
DAG File Processing Stats

File Path                                   PID    Runtime      # DAGs    # Errors  Last Runtime    Last Run               Last # of DB Queries
------------------------------------------  -----  ---------  --------  ----------  --------------  -------------------  ----------------------
/opt/airflow/dags/etl_mongo_to_postgres.py                           1           0  0.19s           2026-03-09T17:14:27                      10
/opt/airflow/dags/analytical_marts.py                                1           0  0.16s           2026-03-09T17:14:20                      10
================================================================================
[2026-03-09T17:15:07.272+0000] {manager.py:997} INFO - 
================================================================================
DAG File Processing Stats

File Path                                   PID    Runtime      # DAGs    # Errors  Last Runtime    Last Run               Last # of DB Queries
------------------------------------------  -----  ---------  --------  ----------  --------------  -------------------  ----------------------
/opt/airflow/dags/etl_mongo_to_postgres.py                           1           0  0.17s           2026-03-09T17:14:58                      10
/opt/airflow/dags/analytical_marts.py                                1           0  0.15s           2026-03-09T17:14:51                      10
================================================================================
[2026-03-09T17:15:37.072+0000] {manager.py:997} INFO - 
================================================================================
DAG File Processing Stats

File Path                                   PID    Runtime      # DAGs    # Errors  Last Runtime    Last Run               Last # of DB Queries
------------------------------------------  -----  ---------  --------  ----------  --------------  -------------------  ----------------------
/opt/airflow/dags/etl_mongo_to_postgres.py                           1           0  0.19s           2026-03-09T17:15:29                      10
/opt/airflow/dags/analytical_marts.py                                1           0  0.17s           2026-03-09T17:15:21                      10
================================================================================
[2026-03-09T17:16:06.818+0000] {manager.py:997} INFO - 
================================================================================
DAG File Processing Stats

File Path                                   PID    Runtime      # DAGs    # Errors  Last Runtime    Last Run               Last # of DB Queries
------------------------------------------  -----  ---------  --------  ----------  --------------  -------------------  ----------------------
/opt/airflow/dags/analytical_marts.py                                1           0  0.20s           2026-03-09T17:15:52                      10
/opt/airflow/dags/etl_mongo_to_postgres.py                           1           0  0.16s           2026-03-09T17:15:59                      10
================================================================================
[2026-03-09T17:16:36.666+0000] {manager.py:997} INFO - 
================================================================================
DAG File Processing Stats

File Path                                   PID    Runtime      # DAGs    # Errors  Last Runtime    Last Run               Last # of DB Queries
------------------------------------------  -----  ---------  --------  ----------  --------------  -------------------  ----------------------
/opt/airflow/dags/analytical_marts.py                                1           0  0.22s           2026-03-09T17:16:23                      10
/opt/airflow/dags/etl_mongo_to_postgres.py                           1           0  0.20s           2026-03-09T17:16:30                      10
================================================================================
[2026-03-09T17:17:06.307+0000] {manager.py:997} INFO - 
================================================================================
DAG File Processing Stats

File Path                                   PID    Runtime      # DAGs    # Errors  Last Runtime    Last Run               Last # of DB Queries
------------------------------------------  -----  ---------  --------  ----------  --------------  -------------------  ----------------------
/opt/airflow/dags/etl_mongo_to_postgres.py                           1           0  0.19s           2026-03-09T17:17:01                      10
/opt/airflow/dags/analytical_marts.py                                1           0  0.15s           2026-03-09T17:16:54                      10
================================================================================
[2026-03-09T17:17:36.127+0000] {manager.py:997} INFO - 
================================================================================
DAG File Processing Stats

File Path                                   PID    Runtime      # DAGs    # Errors  Last Runtime    Last Run               Last # of DB Queries
------------------------------------------  -----  ---------  --------  ----------  --------------  -------------------  ----------------------
/opt/airflow/dags/etl_mongo_to_postgres.py                           1           0  0.18s           2026-03-09T17:17:32                      10
/opt/airflow/dags/analytical_marts.py                                1           0  0.16s           2026-03-09T17:17:25                      10
================================================================================
[2026-03-09T17:18:05.932+0000] {manager.py:997} INFO - 
================================================================================
DAG File Processing Stats

File Path                                   PID    Runtime      # DAGs    # Errors  Last Runtime    Last Run               Last # of DB Queries
------------------------------------------  -----  ---------  --------  ----------  --------------  -------------------  ----------------------
/opt/airflow/dags/analytical_marts.py                                1           0  0.17s           2026-03-09T17:17:55                      10
/opt/airflow/dags/etl_mongo_to_postgres.py                           1           0  0.17s           2026-03-09T17:18:02                      10
================================================================================
[2026-03-09T17:18:35.689+0000] {manager.py:997} INFO - 
================================================================================
DAG File Processing Stats

File Path                                   PID    Runtime      # DAGs    # Errors  Last Runtime    Last Run               Last # of DB Queries
------------------------------------------  -----  ---------  --------  ----------  --------------  -------------------  ----------------------
/opt/airflow/dags/etl_mongo_to_postgres.py                           1           0  0.22s           2026-03-09T17:18:33                      10
/opt/airflow/dags/analytical_marts.py                                1           0  0.16s           2026-03-09T17:18:26                      10
================================================================================
[2026-03-09T17:18:47.121+0000] {manager.py:821} INFO - Searching for files in /opt/airflow/dags
[2026-03-09T17:18:47.123+0000] {manager.py:824} INFO - There are 2 files in /opt/airflow/dags
[2026-03-09T17:19:05.537+0000] {manager.py:997} INFO - 
================================================================================
DAG File Processing Stats

File Path                                   PID    Runtime      # DAGs    # Errors  Last Runtime    Last Run               Last # of DB Queries
------------------------------------------  -----  ---------  --------  ----------  --------------  -------------------  ----------------------
/opt/airflow/dags/etl_mongo_to_postgres.py                           1           0  0.19s           2026-03-09T17:19:04                      10
/opt/airflow/dags/analytical_marts.py                                1           0  0.19s           2026-03-09T17:18:57                      10
================================================================================
[2026-03-09T17:19:35.139+0000] {manager.py:997} INFO - 
================================================================================
DAG File Processing Stats

File Path                                     PID  Runtime      # DAGs    # Errors  Last Runtime    Last Run               Last # of DB Queries
------------------------------------------  -----  ---------  --------  ----------  --------------  -------------------  ----------------------
/opt/airflow/dags/etl_mongo_to_postgres.py   1294  0.01s             1           0  0.19s           2026-03-09T17:19:04                      10
/opt/airflow/dags/analytical_marts.py                                1           0  0.17s           2026-03-09T17:19:28                      10
================================================================================
[2026-03-09T17:20:04.207+0000] {manager.py:997} INFO - 
================================================================================
DAG File Processing Stats

File Path                                   PID    Runtime      # DAGs    # Errors  Last Runtime    Last Run               Last # of DB Queries
------------------------------------------  -----  ---------  --------  ----------  --------------  -------------------  ----------------------
/opt/airflow/dags/analytical_marts.py                                1           0  0.18s           2026-03-09T17:19:58                      10
/opt/airflow/dags/etl_mongo_to_postgres.py                           1           0  0.17s           2026-03-09T17:19:35                      10
================================================================================
[2026-03-09T17:20:34.072+0000] {manager.py:997} INFO - 
================================================================================
DAG File Processing Stats

File Path                                   PID    Runtime      # DAGs    # Errors  Last Runtime    Last Run               Last # of DB Queries
------------------------------------------  -----  ---------  --------  ----------  --------------  -------------------  ----------------------
/opt/airflow/dags/etl_mongo_to_postgres.py                           1           0  0.19s           2026-03-09T17:20:05                      10
/opt/airflow/dags/analytical_marts.py                                1           0  0.18s           2026-03-09T17:20:29                      10
================================================================================
[2026-03-09T17:21:03.773+0000] {manager.py:997} INFO - 
================================================================================
DAG File Processing Stats

File Path                                   PID    Runtime      # DAGs    # Errors  Last Runtime    Last Run               Last # of DB Queries
------------------------------------------  -----  ---------  --------  ----------  --------------  -------------------  ----------------------
/opt/airflow/dags/analytical_marts.py                                1           0  0.18s           2026-03-09T17:21:00                      10
/opt/airflow/dags/etl_mongo_to_postgres.py                           1           0  0.16s           2026-03-09T17:20:36                      10
================================================================================
[2026-03-09T17:21:33.453+0000] {manager.py:997} INFO - 
================================================================================
DAG File Processing Stats

File Path                                   PID    Runtime      # DAGs    # Errors  Last Runtime    Last Run               Last # of DB Queries
------------------------------------------  -----  ---------  --------  ----------  --------------  -------------------  ----------------------
/opt/airflow/dags/etl_mongo_to_postgres.py                           1           0  0.18s           2026-03-09T17:21:07                      10
/opt/airflow/dags/analytical_marts.py                                1           0  0.16s           2026-03-09T17:21:31                      10
================================================================================
[2026-03-09T17:22:03.172+0000] {manager.py:997} INFO - 
================================================================================
DAG File Processing Stats

File Path                                   PID    Runtime      # DAGs    # Errors  Last Runtime    Last Run               Last # of DB Queries
------------------------------------------  -----  ---------  --------  ----------  --------------  -------------------  ----------------------
/opt/airflow/dags/etl_mongo_to_postgres.py                           1           0  0.18s           2026-03-09T17:21:37                      10
/opt/airflow/dags/analytical_marts.py                                1           0  0.16s           2026-03-09T17:22:02                      10
================================================================================
[2026-03-09T17:22:32.945+0000] {manager.py:997} INFO - 
================================================================================
DAG File Processing Stats

File Path                                     PID  Runtime      # DAGs    # Errors  Last Runtime    Last Run               Last # of DB Queries
------------------------------------------  -----  ---------  --------  ----------  --------------  -------------------  ----------------------
/opt/airflow/dags/etl_mongo_to_postgres.py                           1           0  0.18s           2026-03-09T17:22:08                      10
/opt/airflow/dags/analytical_marts.py        1305  0.01s             1           0  0.16s           2026-03-09T17:22:02                      10
================================================================================
[2026-03-09T17:23:02.616+0000] {manager.py:997} INFO - 
================================================================================
DAG File Processing Stats

File Path                                   PID    Runtime      # DAGs    # Errors  Last Runtime    Last Run               Last # of DB Queries
------------------------------------------  -----  ---------  --------  ----------  --------------  -------------------  ----------------------
/opt/airflow/dags/analytical_marts.py                                1           0  0.20s           2026-03-09T17:22:33                      10
/opt/airflow/dags/etl_mongo_to_postgres.py                           1           0  0.17s           2026-03-09T17:22:39                      10
================================================================================
[2026-03-09T17:23:32.345+0000] {manager.py:997} INFO - 
================================================================================
DAG File Processing Stats

File Path                                   PID    Runtime      # DAGs    # Errors  Last Runtime    Last Run               Last # of DB Queries
------------------------------------------  -----  ---------  --------  ----------  --------------  -------------------  ----------------------
/opt/airflow/dags/analytical_marts.py                                1           0  0.19s           2026-03-09T17:23:03                      10
/opt/airflow/dags/etl_mongo_to_postgres.py                           1           0  0.16s           2026-03-09T17:23:09                      10
================================================================================
[2026-03-09T17:23:47.678+0000] {manager.py:821} INFO - Searching for files in /opt/airflow/dags
[2026-03-09T17:23:47.680+0000] {manager.py:824} INFO - There are 2 files in /opt/airflow/dags
[2026-03-09T17:24:02.098+0000] {manager.py:997} INFO - 
================================================================================
DAG File Processing Stats

File Path                                   PID    Runtime      # DAGs    # Errors  Last Runtime    Last Run               Last # of DB Queries
------------------------------------------  -----  ---------  --------  ----------  --------------  -------------------  ----------------------
/opt/airflow/dags/analytical_marts.py                                1           0  0.18s           2026-03-09T17:23:34                      10
/opt/airflow/dags/etl_mongo_to_postgres.py                           1           0  0.17s           2026-03-09T17:23:40                      10
================================================================================
[2026-03-09T17:24:31.805+0000] {manager.py:997} INFO - 
================================================================================
DAG File Processing Stats

File Path                                   PID    Runtime      # DAGs    # Errors  Last Runtime    Last Run               Last # of DB Queries
------------------------------------------  -----  ---------  --------  ----------  --------------  -------------------  ----------------------
/opt/airflow/dags/etl_mongo_to_postgres.py                           1           0  0.17s           2026-03-09T17:24:11                      10
/opt/airflow/dags/analytical_marts.py                                1           0  0.15s           2026-03-09T17:24:05                      10
================================================================================
[2026-03-09T17:25:01.675+0000] {manager.py:997} INFO - 
================================================================================
DAG File Processing Stats

File Path                                   PID    Runtime      # DAGs    # Errors  Last Runtime    Last Run               Last # of DB Queries
------------------------------------------  -----  ---------  --------  ----------  --------------  -------------------  ----------------------
/opt/airflow/dags/etl_mongo_to_postgres.py                           1           0  0.18s           2026-03-09T17:24:42                      10
/opt/airflow/dags/analytical_marts.py                                1           0  0.17s           2026-03-09T17:24:36                      10
================================================================================
[2026-03-09T17:25:31.414+0000] {manager.py:997} INFO - 
================================================================================
DAG File Processing Stats

File Path                                   PID    Runtime      # DAGs    # Errors  Last Runtime    Last Run               Last # of DB Queries
------------------------------------------  -----  ---------  --------  ----------  --------------  -------------------  ----------------------
/opt/airflow/dags/analytical_marts.py                                1           0  0.18s           2026-03-09T17:25:06                      10
/opt/airflow/dags/etl_mongo_to_postgres.py                           1           0  0.15s           2026-03-09T17:25:13                      10
================================================================================
[2026-03-09T17:26:01.144+0000] {manager.py:997} INFO - 
================================================================================
DAG File Processing Stats

File Path                                   PID    Runtime      # DAGs    # Errors  Last Runtime    Last Run               Last # of DB Queries
------------------------------------------  -----  ---------  --------  ----------  --------------  -------------------  ----------------------
/opt/airflow/dags/etl_mongo_to_postgres.py                           1           0  0.18s           2026-03-09T17:25:43                      10
/opt/airflow/dags/analytical_marts.py                                1           0  0.17s           2026-03-09T17:25:37                      10
================================================================================
[2026-03-09T17:26:30.958+0000] {manager.py:997} INFO - 
================================================================================
DAG File Processing Stats

File Path                                   PID    Runtime      # DAGs    # Errors  Last Runtime    Last Run               Last # of DB Queries
------------------------------------------  -----  ---------  --------  ----------  --------------  -------------------  ----------------------
/opt/airflow/dags/etl_mongo_to_postgres.py                           1           0  0.18s           2026-03-09T17:26:14                      10
/opt/airflow/dags/analytical_marts.py                                1           0  0.16s           2026-03-09T17:26:08                      10
================================================================================
[2026-03-09T17:27:00.746+0000] {manager.py:997} INFO - 
================================================================================
DAG File Processing Stats

File Path                                   PID    Runtime      # DAGs    # Errors  Last Runtime    Last Run               Last # of DB Queries
------------------------------------------  -----  ---------  --------  ----------  --------------  -------------------  ----------------------
/opt/airflow/dags/etl_mongo_to_postgres.py                           1           0  0.18s           2026-03-09T17:26:45                      10
/opt/airflow/dags/analytical_marts.py                                1           0  0.17s           2026-03-09T17:26:39                      10
================================================================================
[2026-03-09T17:27:30.527+0000] {manager.py:997} INFO - 
================================================================================
DAG File Processing Stats

File Path                                   PID    Runtime      # DAGs    # Errors  Last Runtime    Last Run               Last # of DB Queries
------------------------------------------  -----  ---------  --------  ----------  --------------  -------------------  ----------------------
/opt/airflow/dags/analytical_marts.py                                1           0  0.17s           2026-03-09T17:27:10                      10
/opt/airflow/dags/etl_mongo_to_postgres.py                           1           0  0.17s           2026-03-09T17:27:16                      10
================================================================================
[2026-03-09T17:28:00.227+0000] {manager.py:997} INFO - 
================================================================================
DAG File Processing Stats

File Path                                   PID    Runtime      # DAGs    # Errors  Last Runtime    Last Run               Last # of DB Queries
------------------------------------------  -----  ---------  --------  ----------  --------------  -------------------  ----------------------
/opt/airflow/dags/etl_mongo_to_postgres.py                           1           0  0.21s           2026-03-09T17:27:46                      10
/opt/airflow/dags/analytical_marts.py                                1           0  0.18s           2026-03-09T17:27:40                      10
================================================================================
[2026-03-09T17:28:29.949+0000] {manager.py:997} INFO - 
================================================================================
DAG File Processing Stats

File Path                                   PID    Runtime      # DAGs    # Errors  Last Runtime    Last Run               Last # of DB Queries
------------------------------------------  -----  ---------  --------  ----------  --------------  -------------------  ----------------------
/opt/airflow/dags/etl_mongo_to_postgres.py                           1           0  0.17s           2026-03-09T17:28:17                      10
/opt/airflow/dags/analytical_marts.py                                1           0  0.17s           2026-03-09T17:28:11                      10
================================================================================
[2026-03-09T17:28:48.143+0000] {manager.py:821} INFO - Searching for files in /opt/airflow/dags
[2026-03-09T17:28:48.145+0000] {manager.py:824} INFO - There are 2 files in /opt/airflow/dags
[2026-03-09T17:28:59.753+0000] {manager.py:997} INFO - 
================================================================================
DAG File Processing Stats

File Path                                   PID    Runtime      # DAGs    # Errors  Last Runtime    Last Run               Last # of DB Queries
------------------------------------------  -----  ---------  --------  ----------  --------------  -------------------  ----------------------
/opt/airflow/dags/analytical_marts.py                                1           0  0.19s           2026-03-09T17:28:42                      10
/opt/airflow/dags/etl_mongo_to_postgres.py                           1           0  0.17s           2026-03-09T17:28:48                      10
================================================================================
[2026-03-09T17:29:29.467+0000] {manager.py:997} INFO - 
================================================================================
DAG File Processing Stats

File Path                                   PID    Runtime      # DAGs    # Errors  Last Runtime    Last Run               Last # of DB Queries
------------------------------------------  -----  ---------  --------  ----------  --------------  -------------------  ----------------------
/opt/airflow/dags/analytical_marts.py                                1           0  0.18s           2026-03-09T17:29:13                      10
/opt/airflow/dags/etl_mongo_to_postgres.py                           1           0  0.18s           2026-03-09T17:29:19                      10
================================================================================
[2026-03-09T17:29:59.206+0000] {manager.py:997} INFO - 
================================================================================
DAG File Processing Stats

File Path                                   PID    Runtime      # DAGs    # Errors  Last Runtime    Last Run               Last # of DB Queries
------------------------------------------  -----  ---------  --------  ----------  --------------  -------------------  ----------------------
/opt/airflow/dags/analytical_marts.py                                1           0  0.18s           2026-03-09T17:29:43                      10
/opt/airflow/dags/etl_mongo_to_postgres.py                           1           0  -0.31s          2026-03-09T17:29:49                      10
================================================================================
[2026-03-09T17:30:28.911+0000] {manager.py:997} INFO - 
================================================================================
DAG File Processing Stats

File Path                                   PID    Runtime      # DAGs    # Errors  Last Runtime    Last Run               Last # of DB Queries
------------------------------------------  -----  ---------  --------  ----------  --------------  -------------------  ----------------------
/opt/airflow/dags/etl_mongo_to_postgres.py                           1           0  0.19s           2026-03-09T17:30:19                      10
/opt/airflow/dags/analytical_marts.py                                1           0  0.17s           2026-03-09T17:30:14                      10
================================================================================
[2026-03-09T17:30:58.607+0000] {manager.py:997} INFO - 
================================================================================
DAG File Processing Stats

File Path                                   PID    Runtime      # DAGs    # Errors  Last Runtime    Last Run               Last # of DB Queries
------------------------------------------  -----  ---------  --------  ----------  --------------  -------------------  ----------------------
/opt/airflow/dags/analytical_marts.py                                1           0  0.18s           2026-03-09T17:30:45                      10
/opt/airflow/dags/etl_mongo_to_postgres.py                           1           0  0.16s           2026-03-09T17:30:50                      10
================================================================================
